行政區,公廁類別,公廁名稱,公廁地址,經度,緯度,管理單位,座數,特優級,優等級,普通級,改善級 ,無障礙廁座數,親子廁座數,其他設施,照護床位置,污物盆位置
士林區,公園,芝山文化生態綠園,臺北市士林區雨聲街120號,121.532685,25.104036,芝山文化生態綠園,8,0,8,0,0,2,0,,,
士林區,公園,雙溪公園,臺北市士林區福林路、至善路口東南側,121.53547,25.098298,公園路燈工程管理處園藝管理所,3,0,3,0,0,1,0,,,
士林區,公園,芝山公園2號,臺北市士林區雨農路、至誠路一段交叉口處閱覽室旁,121.532837,25.101671,公園路燈工程管理處陽明山管理所,3,0,3,0,0,1,0,,,
士林區,公園,天母公園,臺北市士林區中山北路7段141巷旁,121.530071,25.125855,公園路燈工程管理處陽明公園管理所,5,5,0,0,0,1,1,,,
士林區,公園,社子公園,臺北市士林區永平街46巷3弄11號,121.506159,25.090457,公園路燈工程管理處陽明山公園管理所,3,0,3,0,0,1,1,,,
士林區,公園,克強公園,臺北市士林區磺溪街55巷底,121.521964,25.108635,臺北市政府工務局公園路燈工程管理處 陽明山公園管理所,1,0,1,0,0,0,0,,,
士林區,公園,蘭興公園,臺北市士林區中山北路六段315巷50號旁,121.523727,25.11073,臺北市政府工務局公園路燈工程管理處 陽明山公園管理所,1,0,1,0,0,0,0,,,
士林區,公園,蘭興一號公園,臺北市士林區中山北路六段303號,121.525362,25.111187,臺北市政府工務局公園路燈工程管理處 陽明山公園管理所,1,0,1,0,0,0,0,,,
士林區,公園,芝山公園1號,臺北市士林區至誠路一段182號與雨農路交叉口,121.532836,25.101148,公園路燈工程管理處陽明山公園管理所,3,0,3,0,0,0,1,,,
士林區,公園,至善公園,臺北市士林區至善路與福林路會口處公園廣場東北側,121.538224,25.098326,公園路燈工程管理處陽明山公園管理所,3,0,3,0,0,1,0,,,
士林區,公園,忠誠公園,臺北市士林區中山北路六段與忠誠路會口公園水池後方,121.525878,25.103148,公園路燈工程管理處陽明山公園管理所,3,0,3,0,0,0,1,,,
士林區,公園,士林官邸,臺北市士林區福林路60號,121.530152,25.094898,公園路燈工程管理處園藝管理所,11,11,0,0,0,5,2,照護床,2號公廁,
士林區,公園,美崙公園,臺北市士林區美崙街152巷,121.519656,25.096979,公園路燈工程管理處陽明山公園管理所,4,4,0,0,0,1,1,照護床,美崙公園公廁,
士林區,公園,東和公園,臺北市士林區中山北路7段114巷23-13號旁,121.533644,25.122631,陽明山公園管理所,3,0,3,0,0,0,0,,,
士林區,公園,仰德一號公園,臺北市士林區仰德大道1段2-1號,121.537505,25.10013,臺北市士林區公所,2,0,2,0,0,0,0,,,
士林區,公園,前港公園,臺北市士林區前港街與華齡街交叉口,121.520235,25.085902,公園路燈工程管理處陽明山管理所新生公園,3,0,3,0,0,0,0,,,
士林區,公園,山仔后公園,臺北市士林區光華路3號旁,121.545655,25.137288,臺北市士林區公所,2,0,2,0,0,0,0,,,
士林區,公園,華齡公園,臺北市士林區承德路，後港街間,121.52088,25.083272,園藝工程隊(北區分隊),4,0,4,0,0,0,1,,,
士林區,公園,花卉試驗中心,臺北市士林區仰德大道四段175巷32號,121.544438,25.134945,公園路燈工程管理處花卉試驗中心,6,1,5,0,0,2,1,,,
士林區,公園,海光公園,臺北市士林區葫蘆街83號,121.508381,25.082198,公園路燈工程管理處陽明山公園管理所,3,3,0,0,0,2,0,照護床,海光公園公廁,
士林區,公園,雙溪左岸1號,雙溪左岸河濱公園復興橋旁,121.536423,25.10005,水利處高灘地北區管理站,1,0,0,0,0,0,0,,,
士林區,公園,雙溪左岸2號,士林橋捷運上游約10公尺處,121.524186,25.099136,水利處高灘地北區管理站,1,0,0,0,0,1,0,,,
士林區,公園,雙溪右岸3號,復興橋旁籃球場,121.526666,25.100661,水利處高灘地北區管理站,1,0,0,0,0,0,0,,,
士林區,公園,雙溪右岸4號,雨農橋上游100公尺,121.521946,25.098806,水利處高灘地北區管理站,1,0,0,0,0,0,0,,,
士林區,公園,雙溪右岸5號,福林橋下,121.526708,25.100608,水利處高灘地北區管理站,1,0,0,0,0,1,0,,,
士林區,公園,雙溪右岸6號,文昌橋下游籃球場,121.521768,25.098794,水利處高灘地北區管理站,1,0,0,0,0,0,0,,,
士林區,公園,百齡右岸景觀,三腳渡龍舟公園旁,121.518153,25.080509,水利處河川管理科高灘地北區管理站,1,0,0,0,0,0,0,,,
士林區,公園,百齡右岸景觀,三腳渡龍舟公園旁,121.518153,25.080509,水利處河川管理科高灘地北區管理站,1,0,0,0,0,0,0,,,
士林區,公園,百齡右岸20號,三腳渡停車場與橄欖球場前,121.516657,25.082344,水利處高灘地北區管理站,1,0,0,0,0,0,0,,,
士林區,公園,百齡右岸24號,三腳渡停車場與橄欖球場前,121.516657,25.082344,水利處高灘地北區管理站,1,0,0,0,0,0,0,,,
士林區,公園,百齡右岸25號,橄欖球場後近百齡橋,121.51558,25.085462,水利處高灘地北區管理站,1,0,0,0,0,1,0,,,
士林區,公園,百齡右岸23號,橄欖球場後近百齡橋,121.51558,25.085462,水利處高灘地北區管理站,1,0,0,0,0,0,0,,,
士林區,公園,百齡右岸22號,籃球場近百齡橋,121.515565,25.086326,水利處高灘地北區管理站,1,0,0,0,0,0,0,,,
士林區,公園,百齡右岸景觀,百齡橋下,121.514981,25.09018,水利處河川管理科高灘地北區管理站,1,0,0,0,0,0,0,,,
士林區,公園,百齡右岸景觀,百齡橋下,121.514981,25.09018,水利處河川管理科高灘地北區管理站,1,0,0,0,0,0,0,,,
士林區,公園,百齡右岸景觀,百齡橋下,121.514981,25.09018,水利處河川管理科高灘地北區管理站,1,0,0,0,0,1,0,,,
士林區,公園,百齡右岸26號,慢速壘球場1靠百齡橋,121.514919,25.090691,水利處高灘地北區管理站,1,0,0,0,0,0,0,,,
士林區,公園,百齡右岸28號,慢速壘球場2,121.513829,25.092878,水利處高灘地北區管理站,1,0,0,0,0,0,0,,,
士林區,公園,百齡右岸29號,慢速壘球場2,121.513829,25.092878,水利處高灘地北區管理站,1,0,0,0,0,1,0,,,
士林區,公園,百齡右岸30號,慢速壘球場3,121.513086,25.093915,水利處高灘地北區管理站,1,0,0,0,0,0,0,,,
士林區,公園,百齡右岸31號,慢速壘球場4,121.513074,25.093924,水利處高灘地北區管理站,1,0,0,0,0,0,0,,,
士林區,公園,百齡左岸5號,承德橋下,121.520406,25.077294,水利處高灘地北區管理站,1,0,0,0,0,0,0,,,
士林區,公園,百齡左岸6號,大龍抽水站出水口,121.516844,25.078848,水利處高灘地北區管理站,1,0,0,0,0,0,0,,,
士林區,公園,百齡左岸7號,體健設施區旁,121.513935,25.08175,水利處高灘地北區管理站,1,0,0,0,0,0,0,,,
士林區,公園,百齡左岸8號,溜冰場旁,121.513141,25.085447,水利處高灘地北區管理站,1,0,0,0,0,0,0,,,
士林區,公園,百齡左岸9號,溜冰場旁,121.513141,25.085447,水利處高灘地北區管理站,1,0,0,0,0,0,0,,,
士林區,公園,百齡左岸10號,百齡橋前下方,121.512183,25.088404,水利處高灘地北區管理站,1,0,0,0,0,0,0,,,
士林區,公園,百齡左岸11號,百齡橋下,121.512183,25.088404,水利處高灘地北區管理站,1,0,0,0,0,0,0,,,
士林區,公園,百齡左岸12號,百齡橋下,121.512183,25.088404,水利處高灘地北區管理站,1,0,0,0,0,1,0,,,
士林區,公園,百齡左岸13號,百齡橋下遊籃球場區(停車場內),121.510935,25.091607,水利處高灘地北區管理站,1,0,0,0,0,0,0,,,
士林區,公園,百齡左岸14號,百齡橋下遊籃球場區旁,121.510935,25.091607,水利處高灘地北區管理站,1,0,0,0,0,0,0,,,
士林區,公園,百齡左岸景觀,兒童遊戲場旁水上小蟹公園,121.509979,25.093278,水利處河川管理科高灘地北區管理站,1,0,0,0,0,1,0,,,
士林區,公園,百齡左岸景觀,兒童遊戲場旁水上小蟹公園,121.509979,25.093278,水利處河川管理科高灘地北區管理站,1,0,0,0,0,0,0,,,
士林區,公園,百齡左岸景觀,兒童遊戲場旁水上小蟹公園,121.509979,25.093278,水利處河川管理科高灘地北區管理站,1,0,0,0,0,0,0,,,
士林區,公園,百齡左岸15號,社子棒球場,121.507096,25.093557,水利處高灘地北區管理站,1,0,0,0,0,0,0,,,
士林區,公園,百齡左岸景觀,社子棒球場旁,121.507081,25.093509,水利處高灘地北區管理站,1,0,0,0,0,0,0,,,
士林區,公園,百齡左岸景觀,社子棒球場旁,121.507081,25.093509,水利處高灘地北區管理站,1,0,0,0,0,0,0,,,
士林區,公園,百齡左岸16號,社子棒球場,121.510935,25.091607,水利處高灘地北區管理站,1,0,0,0,0,0,0,,,
士林區,公園,百齡左岸17號,星光廣場(三角公園),121.502883,25.094209,水利處高灘地北區管理站,1,0,0,0,0,0,0,,,
士林區,公園,洲美橋下25號,洲美橋下25號,121.497199,25.096855,公園路燈工程管理處陽明山公園管理所,1,0,0,0,0,1,0,,,
士林區,公園,福安綠地52號,福安綠地52號三角公園,121.496408,25.098379,公園路燈工程管理處陽明山公園管理所,1,0,0,0,0,1,0,,,
士林區,公園,社子島基隆河側56號,社子島基隆河側抽水站管制中心,121.495731,25.1087,水利處高灘地北區管理站,1,0,0,0,0,0,0,,,
士林區,公園,社子島基隆河側57號,社子島基隆河側抽水站管制中心,121.495731,25.1087,水利處高灘地北區管理站,1,0,0,0,0,1,0,,,
士林區,公園,百齡左岸河濱景觀,社子大橋下1號,121.494638,25.111217,水利處高灘地北區管理站,1,0,0,0,0,1,0,,,
士林區,公園,百齡左岸河濱景觀,社子大橋下2號,121.494638,25.111217,水利處高灘地北區管理站,1,0,0,0,0,0,0,,,
士林區,公園,百齡左岸河濱景觀,社子大橋下3號,121.49464,25.111188,水利處高灘地北區管理站,1,0,0,0,0,0,0,,,
士林區,公園,社子島基隆河側58號,社子濕地(頭),121.49057,25.113012,水利處高灘地北區管理站,1,0,0,0,0,0,0,,,
士林區,公園,社子島基隆河側59號,社子濕地(尾),121.489423,25.113256,水利處高灘地北區管理站,1,0,0,0,0,0,0,,,
士林區,公園,社子島基隆河側60號,堤頂景觀休息亭,121.477458,25.109746,水利處高灘地北區管理站,1,0,0,0,0,0,0,,,
士林區,公園,社子島基隆河側61號,東山宮旁,121.474373,25.109559,水利處高灘地北區管理站,1,0,0,0,0,0,0,,,
士林區,公園,社子島基隆河側景觀,社子島頭公園,121.466524,25.110269,水利處河川管理科高灘地北區管理站,1,0,0,0,0,1,0,,,
士林區,公園,社子島基隆河側景觀,社子島頭公園,121.466524,25.110269,水利處河川管理科高灘地北區管理站,1,0,0,0,0,0,0,,,
士林區,公園,社子島基隆河側景觀,社子島頭公園,121.466524,25.110269,水利處河川管理科高灘地北區管理站,1,0,0,0,0,0,1,,,
士林區,公園,富州河濱公園53號,富州公園,121.468497,25.107614,水利處高灘地北區管理站,1,0,0,0,0,0,0,,,
士林區,公園,富州河濱公園54號,富州公園,121.468497,25.107614,水利處高灘地北區管理站,1,0,0,0,0,1,0,,,
士林區,公園,富州河濱公園55號,社6濕地,121.469357,25.107592,水利處高灘地北區管理站,1,0,0,0,0,0,0,,,
士林區,公園,福安河濱公園51號,延平北路7段215號,121.48792,25.100539,水利處高灘地北區管理站,1,0,0,0,0,0,0,,,
士林區,公園,福安河濱公園49號,福安碼頭,121.493683,25.096009,水利處高灘地北區管理站,1,0,0,0,0,0,0,,,
士林區,公園,福安河濱公園50號,福安碼頭,121.493683,25.096009,水利處高灘地北區管理站,1,0,0,0,0,1,0,,,
士林區,公園,福安河濱公園47號,福安公園,121.495136,25.094625,水利處高灘地北區管理站,1,0,0,0,0,0,0,,,
士林區,公園,福安河濱公園48號,福安公園,121.495136,25.094625,水利處高灘地北區管理站,1,0,0,0,0,1,0,,,
士林區,公園,延平河濱公園45號,7段頭快樂休息站,121.497666,25.092826,水利處高灘地北區管理站,1,0,0,0,0,0,0,,,
士林區,公園,延平河濱公園46號,7段頭快樂休息站,121.493856,25.096118,水利處高灘地北區管理站,1,0,0,0,0,0,0,,,
士林區,公園,延平河濱公園44號,重陽橋下,121.506617,25.083009,水利處高灘地北區管理站,1,0,0,0,0,0,0,,,
士林區,文化育樂場所,國立臺灣科學教育館,臺北市士林區士商路189號,121.51601,25.095988,國立臺灣科學教育館,51,51,0,0,0,9,7,,,
士林區,文化育樂場所,臺北市立天文科學教育館,臺北市士林區基河路363號,121.518965,25.096063,臺北市立天文科學教育館,36,36,0,0,0,12,2,污物盆,,編號：6301100007-V00716
士林區,文化育樂場所,臺北表演藝術中心,臺北市士林區劍潭路1號,121.524211,25.085079,臺北表演藝術中心,26,26,0,0,0,3,1,照護床,11樓,
士林區,文化育樂場所,士林天母棒球場,臺北市士林區忠誠路二段77號,121.534287,25.114385,龍來球場股份有限公司,22,22,0,0,0,2,0,,,
士林區,文化育樂場所,天母運動場,臺北市士林區忠誠路二段77號(天母運動園區服務中心),121.534287,25.114385,臺北市輪椅網球推廣協會,6,0,6,0,0,0,1,,,
士林區,文化育樂場所,士林運動中心,臺北市士林區士商路1號,121.52141,25.089491,士林運動中心,17,17,0,0,0,5,5,,,
士林區,加油站,中油社子加油站,臺北市士林區重慶北路四段198號,121.51182,25.084886,臺灣中油股份有限公司社子站,3,3,0,0,0,2,0,,,
士林區,加油站,中油文林路加油站,臺北市士林區文林路100號,121.526258,25.087477,臺灣中油股份有限公司文林路站,2,0,2,0,0,0,0,,,
士林區,加油站,中油福林加油站,臺北市士林區中山北路五段465號,121.52766,25.092397,臺灣中油股份有限公司福林站,3,0,3,0,0,2,0,,,
士林區,加油站,中油陽明山加油站,臺北市士林區格致路3號,121.545953,25.135452,臺灣中油股份有限公司陽明山站,2,1,1,0,0,0,0,,,
士林區,加油站,西歐基河加油站,臺北市士林區承德路四段200號,121.52201,25.087651,西歐加油站股份有限公司,3,0,3,0,0,2,0,,,
士林區,加油站,西歐士林加油站,臺北市士林區中山北路五段570號,121.528164,25.095663,西歐加油站士林站,3,0,3,0,0,2,0,,,
士林區,加油站,芝山加油站,臺北市士林區至誠路二段40號1樓,121.528939,25.101948,同宏事業有限公司,3,0,3,0,0,1,0,,,
士林區,加油站,全國台北交流道加油站,臺北市士林區重慶北路四段141號,121.511879,25.086065,全國加油站股份有限公司,2,0,2,0,0,0,0,,,
士林區,加油站,全國洲美加油站,臺北市士林區延平北路六段505號,121.509647,25.085181,全國加油站股份有限公司,2,0,2,0,0,0,0,,,
士林區,市場,公有士東市場(署),臺北市士林區士東路一段100號,121.529163,25.111997,臺北市市場處士東市場自治會,6,0,6,0,0,2,0,,,
士林區,市場,公有士林市場(署),臺北市士林區基河路101號,121.524366,25.087416,臺北市士林市場,12,0,12,0,0,4,0,,,
士林區,市場,福華市場(署),臺北市士林區通河街323之1號,121.516477,25.082523,臺北市市場處福華廣場攤販集中場,2,0,2,0,0,0,0,,,
士林區,市場,樂家康士林華齡店,臺北市士林區華齡街175號,121.5194,25.087,統康生活事業股份有限公司後港分公司,1,0,1,0,0,0,0,,,
士林區,交通,蘭雅公園地下停車場,臺北市士林區德行東路129巷31號地下,121.529402,25.109725,蘭雅公園地下停車場,3,0,3,0,0,1,0,,,
士林區,交通,捷運劍潭站(淡水信義線),臺北市士林區中山北路五段65號,121.525078,25.084873,捷運劍潭站(夜),5,5,0,0,0,0,1,,,
士林區,交通,捷運士林站(淡水信義線),臺北市士林區福德路1號,121.52623,25.093535,捷運士林站,5,5,0,0,0,0,1,,,
士林區,交通,捷運芝山站(淡水信義線),臺北市士林區福國路70號,121.522514,25.10306,捷運芝山站,5,5,0,0,0,0,1,,,
士林區,交通,百齡高中地下停車場,臺北市士林區承德路四段175號地下一、二樓,121.523996,25.086151,臺北市停車管理工程處百齡高中地下停車場,4,3,1,0,0,0,1,,,
士林區,交通,前港公園地下停車場,臺北市士林區前港街45號地下,121.520326,25.084906,臺北市停車管理工程處前港公園地下停車場,3,0,3,0,0,1,0,,,
士林區,交通,社園立體停車場,臺北市士林區延平北路六段180號,121.505951,25.089582,臺北市停車管理工程處社園立體停車場,2,0,2,0,0,0,0,,,
士林區,交通,故宮廣場停車場,臺北市士林區至善路二段150號,121.549242,25.099239,臺北市政府停車管理處,2,0,2,0,0,0,0,,,
士林區,交通,天母停車場,臺北市士林區天母西路1號地下1樓,121.529646,25.119953,東和停車場開發股份有限公司天母停車場,2,0,2,0,0,0,0,,,
士林區,交通,海光公園地下停車場,臺北市士林區葫蘆街83號,121.508328,25.081436,臺北市停車管理工程處海光公園地下停車場,3,3,0,0,0,1,0,,,
士林區,交通,社子國小地下停車場,臺北市士林區延平北路六段308號B1,121.502685,25.09,臺北市停車管理工程處社子國小地下停車場,3,3,0,0,0,1,0,,,
士林區,交通,承德公園地下停車場,臺北市士林區基河路150號,121.522448,25.089893,臺北市停車管理工程處承德公園地下停車場,3,3,0,0,0,1,0,,,
士林區,交通,文昌國小地下停車場,臺北市士林區文林路615巷20號,121.521336,25.099402,臺北市停車管理工程處文昌國小地下停車場,2,0,2,0,0,0,0,,,
士林區,交通,福林公園地下停車場,臺北市士林區中正路17號地下,121.53,25.0958,福林公園地下停車場,3,0,3,0,0,1,0,,,
士林區,宗教,神農宮,臺北市士林區前街74號,121.526158,25.097958,財團法人台北市士林神農宮,0,0,0,0,0,0,0,,,
士林區,連鎖餐飲店,麥當勞士林店,臺北市士林區中山北路五段602號,121.528052,25.095924,台灣麥當勞餐廳股份有限公司台北士林分公司,1,0,1,0,0,1,0,,,
士林區,連鎖餐飲店,麥當勞台北重慶店,臺北市士林區重慶北路四段123號,121.512179,25.082593,台灣麥當勞餐廳股份有限公司重慶北路分公司,1,0,1,0,0,0,0,,,
士林區,連鎖餐飲店,三商巧福士林店,臺北市士林區中正路331號1樓,121.523123,25.09483,三商行股份有限公司士林分公司,1,1,0,0,0,0,0,,,
士林區,連鎖餐飲店,統一星巴克士捷門市,臺北市士林區中正路239號1樓,121.525784,25.095607,統一星巴克股份有限公司士捷門市,1,0,1,0,0,0,0,,,
士林區,連鎖餐飲店,摩斯漢堡忠誠店,臺北市士林區忠誠路一段188號1樓,121.530115,25.108188,安心食品服務股份有限公司忠誠店,1,0,1,0,0,0,0,,,
士林區,連鎖餐飲店,肯德基士林分公司,臺北市士林區文林路88號,121.52597,25.087298,怡和餐飲股份有限公司台北士林分公司,1,0,1,0,0,0,0,,,
士林區,連鎖餐飲店,麥當勞陽明山店,臺北市士林區格致路58之62號1.2樓,121.54666,25.137706,台灣麥當勞餐廳股份有限公司陽明山分公司,1,0,1,0,0,0,0,,,
士林區,連鎖餐飲店,摩斯漢堡士東店,臺北市士林區中山北路六段730號,121.530461,25.11325,安心食品服務股份有限公司士東分公司,1,0,1,0,0,0,0,,,
士林區,連鎖餐飲店,摩斯漢堡天母店,臺北市士林區天母北路85號,121.526942,25.122109,安心食品服務股份有限公司天母分公司,1,0,1,0,0,0,0,,,
士林區,連鎖餐飲店,統一星巴克忠誠門市,臺北市士林區士東路123號,121.530848,25.11292,統一星巴克股份有限公司忠誠門市,1,0,1,0,0,0,0,,,
士林區,連鎖餐飲店,我家牛排天母店,臺北市士林區天母西路13巷13號,121.527286,25.120244,天天來小吃店,1,0,1,0,0,0,0,,,
士林區,綜合零售賣場,統一超商臺北市葫蘆門市,臺北市士林區延平北路五段134號134-2號1樓,121.510544,25.082015,統一超商股份有限公司臺北市葫蘆門市,1,0,1,0,0,0,0,,,
士林區,綜合零售賣場,統一超商臺北市洲美門市,臺北市士林區延平北路六段505號,121.498064,25.09325,統一超商股份有限公司臺北市洲美門市,1,0,1,0,0,0,0,,,
士林區,綜合零售賣場,統一超商臺北市友成門市,臺北市士林區社中街211號1樓,121.508421,25.091018,統一超商股份有限公司臺北市友成門市,1,0,1,0,0,0,0,,,
士林區,綜合零售賣場,統一超商臺北市社鑽門市,臺北市士林區中正路639號1樓,121.508208,25.086119,統一超商股份有限公司臺北市社鑽門市,1,0,1,0,0,0,0,,,
士林區,綜合零售賣場,統一超商臺北市新劍潭門市,臺北市士林區福港街246號,121.517487,25.084339,統一超商股份有限公司臺北市新劍潭門市,1,0,1,0,0,0,0,,,
士林區,綜合零售賣場,統一超商臺北市福榮門市,臺北市士林區中正路220號222號,121.526092,25.095529,統一超商股份有限公司臺北市福榮門市,1,0,1,0,0,0,0,,,
士林區,綜合零售賣場,統一超商臺北市德行門市,臺北市士林區忠誠路二段7號1樓,121.530636,25.108993,統一超商股份有限公司臺北市德行門市,1,0,1,0,0,0,0,,,
士林區,綜合零售賣場,統一超商臺北市新忠誠門市,臺北市士林區中山北路六段18號20號1樓,121.526761,25.103947,統一超商股份有限公司臺北市新忠誠門市,1,0,1,0,0,0,0,,,
士林區,綜合零售賣場,統一超商臺北市草山門市,臺北市士林區格致路28號,121.546449,25.136941,統一超商股份有限公司臺北市草山門市,1,0,1,0,0,0,0,,,
士林區,綜合零售賣場,統一超商臺北市社中門市,臺北市士林區社中街320-322號,121.505185,25.092342,統一超商股份有限公司臺北市社中門市,1,0,1,0,0,0,0,,,
士林區,綜合零售賣場,統一超商臺北市前港門市,臺北市士林區後港街98之1號2號1樓,121.521524,25.085661,統一超商股份有限公司臺北市前港門市,1,0,1,0,0,0,0,,,
士林區,綜合零售賣場,統一超商臺北市誠義門市,臺北市士林區忠誠路一段126號,121.528778,25.105707,統一超商股份有限公司臺北市誠義門市,1,0,1,0,0,0,0,,,
士林區,綜合零售賣場,統一超商臺北市至善天下門市,臺北市士林區至善路二段264號1樓,121.550917,25.100386,統一超商股份有限公司臺北市至善天下門市,1,0,1,0,0,0,0,,,
士林區,綜合零售賣場,統一超商臺北市新天強門市,臺北市士林區克強路11及11-1號1樓,121.524425,25.108746,統一超商股份有限公司臺北市新天強門市,1,0,1,0,0,0,0,,,
士林區,綜合零售賣場,統一超商臺北市天裕門市,臺北市士林區中山北路七段156號1樓,121.532666,25.123967,統一超商股份有限公司臺北市天裕店,1,0,1,0,0,0,0,,,
士林區,綜合零售賣場,統一超商臺北市天美門市,臺北市士林區天母東路8巷98號,121.530156,25.114305,統一超商股份有限公司臺北市天美店,1,0,1,0,0,0,0,,,
士林區,綜合零售賣場,全家便利商店臺北市致昇店,臺北市士林區雨聲街36號1樓,121.529197,25.102082,全家便利商店股份有限公司臺北市致昇門市,1,0,1,0,0,0,0,,,
士林區,綜合零售賣場,統一超商臺北市福通門市,臺北市士林區大南路400號,121.515812,25.089547,統一超商股份有限公司,1,0,1,0,0,0,0,,,
士林區,綜合零售賣場,全家便利商店臺北市榮富店,臺北市士林區中山北路六段726號,121.527969,25.115071,全家便利商店股份有限公司,1,0,1,0,0,0,0,,,
士林區,綜合零售賣場,統一超商臺北市齊德門市,臺北市士林區天母西路85號,121.527399,25.118627,統一超商股份有限公司,1,0,1,0,0,0,0,,,
士林區,綜合零售賣場,統一超商臺北市豐基門市,臺北市士林區基河路368-370號,121.518465,25.094757,統一超商股份有限公司,1,0,1,0,0,0,0,,,
士林區,綜合零售賣場,大葉高島屋百貨,臺北市士林區忠誠路二段55號,121.531342,25.111735,大葉高島屋百貨股份有限公司,23,23,0,0,0,0,19,,,
士林區,綜合零售賣場,特力屋士林購物中心,臺北市士林區基河路258號,121.520569,25.092177,特力屋股份有限公司,0,0,0,0,0,0,0,,,
士林區,綜合零售賣場,遠東SOGO 台北天母店,臺北市士林區中山北路六段77號,121.524523,25.104687,太平洋崇光百貨股份有限公司遠東SOGO 台北天母店,19,19,0,0,0,2,1,,,
士林區,綜合零售賣場,新光三越台北天母店,臺北市士林區天母東路68號,121.533924,25.11795,新光三越百貨股份有限公司臺北天母店,21,21,0,0,0,0,2,,,
士林區,綜合零售賣場,特力和樂士林店,臺北市士林區基河路258號地下一樓,121.520569,25.092177,特力屋股份有限公司,0,0,0,0,0,0,0,,,
士林區,綜合零售賣場,萬家福天母店,臺北市士林區德行西路47號,121.522509,25.105293,康達盛通生活事業股份有限公司天母分公司,7,1,6,0,0,1,0,,,
士林區,綜合零售賣場,全聯超市天母中山北分公司,臺北市士林區中山北路七段154巷6號,121.5329,25.1234,全聯實業股份有限公司天母中山北分公司,3,0,3,0,0,1,0,,,
士林區,機關,士林監理站,臺北市士林區承德路五段80號,121.51433,25.094158,交通部公路總局臺北市區監理所士林監理站,14,11,3,0,0,2,0,,,
士林區,機關,國稅局士林稽徵所,臺北市士林區美崙街43號,121.522926,25.097099,財政部臺北國稅局士林稽徵所,2,0,2,0,0,0,0,,,
士林區,機關,臺北市稅捐稽徵處士林分處,臺北市士林區美崙街41號,121.522901,25.097098,臺北市稅捐稽徵處士林分處,3,0,3,0,0,0,0,,,
士林區,機關,士林區公所,臺北市士林區中正路439號,121.51967,25.092808,臺北市士林區公所,18,18,0,0,0,11,0,,,
士林區,機關,臺北市立圖書館天母分館,臺北市士林區中山北路七段154巷6號3樓,121.532946,25.123421,臺北市立圖書館天母分館,6,0,6,0,0,2,0,,,
士林區,機關,士林地政事務所,臺北市士林區中正路439號5樓,121.51967,25.092808,臺北市士林地政事務所,10,10,0,0,0,1,2,,,
士林區,機關,士林區健康服務中心,臺北市士林區中正路439號2樓,121.51967,25.092808,臺北市士林區健康服務中心,4,3,1,0,0,1,0,,,
士林區,機關,士林區戶政事務所,臺北市士林區中正路439號3樓,121.51967,25.092808,臺北市士林區戶政事務所,10,10,0,0,0,2,1,,,
士林區,機關,臺北自來水事業處陽明營業處,臺北市士林區中山北路五段82號之1,121.526036,25.08395,臺北自來水事業處陽明營業分處,4,0,4,0,0,0,0,,,
士林區,機關,救國團劍潭海外青年活動中心,臺北市士林區中山北路四段16號,121.524038,25.078221,中國青年救國團劍潭海外青年活動中心,23,10,13,0,0,0,0,,,
士林區,機關,臺北市立圖書館葫蘆堵分館,臺北市士林區延平北路五段136巷1號5樓,121.511024,25.07924,臺北市立圖書館葫蘆堵分館,14,14,0,0,0,6,0,,,
士林區,機關,士林區芝山岩區民活動中心,臺北市士林區雨聲街68號,121.52874,25.103598,臺北市士林區公所名山里辦公室,2,0,2,0,0,1,0,,,
士林區,機關,士林分局,臺北市士林區文林路235號,121.525818,25.090867,臺北市政府警察局士林分局,3,0,3,0,0,1,0,,,
士林區,機關,天母派出所,臺北市士林區中山北路七段192號,121.532891,25.124972,臺北市政府警察局?天母派出所,1,0,1,0,0,0,0,,,
士林區,機關,芝山岩派出所,臺北市士林區仰德大道一段16號,121.537886,25.101122,臺北市政府警察局?芝山岩派出所,1,0,1,0,0,0,0,,,
士林區,機關,後港派出所,臺北市士林區福港街151號,121.517986,25.087458,臺北市政府警察局?後港派出所,1,0,1,0,0,0,0,,,
士林區,機關,溪山派出所,臺北市士林區至善路三段263號,121.584565,25.119766,臺北市政府警察局溪山派出所,1,0,1,0,0,0,0,,,
士林區,機關,翠山派出所,臺北市士林區中社路一段56號,121.560269,25.108065,臺北市政府警察局?翠山派出所,1,0,1,0,0,0,0,,,
士林區,機關,蘭雅派出所,臺北市士林區中山北路六段153號1樓,121.524711,25.106504,臺北市政府警察局?蘭雅派出所,1,0,1,0,0,0,0,,,
士林區,機關,臺北市職能發展學院,臺北市士林區士東路301號,121.537773,25.11374,臺北市職能發展學院,33,33,0,0,0,3,1,,,
士林區,機關,士林區公民會館,臺北市士林區士林區大東路75號,121.52559,25.090846,臺北市士林區公所士林公民會館,5,0,5,0,0,1,1,,,
士林區,機關,士林區清潔隊,臺北市士林區中正路439號7樓,121.519572,25.092759,士林區清潔隊,1,0,1,0,0,0,0,,,
士林區,機關,李科永紀念圖書館,臺北市士林區中正路15號,121.517365,25.091507,臺北市立圖書館?李科永紀念圖書館,9,9,0,0,0,3,0,,,
士林區,機關,臺灣士林地方檢察署,臺北市士林區士東路190號,121.53308,25.112514,臺灣士林地方法院檢察署,18,18,0,0,0,4,0,,,
士林區,機關,士林11號,臺北市士林區中山北路五段280巷14弄5號邊（面對復興廣播電台左邊巷子進入）,121.528224,25.08707,臺北市政府環境保護局,1,1,0,0,0,0,0,,,
士林區,機關,士林1號,臺北市士林區大東路165號士林國小對面,121.525154,25.093267,臺北市政府環境保護局,1,0,1,0,0,0,0,,,
士林區,醫院,聯合醫院陽明院區　　　　,臺北市士林區雨聲街105號,121.53175,25.105287,臺北市立聯合醫院陽明院區,14,0,14,0,0,2,0,照護床,地下室1樓A區,
士林區,醫院,新光醫院,臺北市士林區文昌路95號,121.520908,25.096428,新光醫療財團法人新光吳火獅紀念醫院,35,35,0,0,0,0,2,,,
士林區,醫院,聯合醫院士林門診部,臺北市士林區中正路439號,121.51967,25.092808,臺北市立聯合醫院士林門診部,2,1,1,0,0,1,0,,,
士林區,醫院,新光醫院聖賢樓,臺北市士林區士商路51號,121.519711,25.091196,新光醫療財團法人新光吳火獅紀念醫院,24,24,0,0,0,6,0,,,
士林區,觀光遊憩,國立故宮博物院,臺北市士林區至善路二段221號,121.54936,25.099688,國立故宮博物院,17,17,0,0,0,1,2,照護床,"第一展覽館B1兒童學藝中心,第二展覽館1樓,南側行政大樓1樓",
士林區,觀光遊憩,臺北市立兒童新樂園,臺北市士林區承德路五段55號,121.516098,25.096297,臺北市立兒童新樂園,44,44,0,0,0,22,1,"照護床,污物盆","1樓13號廁所,B1樓2號廁所",3樓6號廁所
士林區,觀光遊憩,順益臺灣原住民博物館,臺北市士林區至善路二段282號,121.552025,25.100981,順益臺灣原住民博物館,3,3,0,0,0,2,0,,,
士林區,觀光遊憩,林語堂故居,臺北市士林區仰德大道二段141號,121.546978,25.109577,林語堂故居,0,0,0,0,0,0,0,,,
大同區,公園,蘭州公園(署),臺北市大同區蘭州街89巷前,121.515572,25.064239,臺北市大同區公所,3,0,1,2,0,1,0,,,
大同區,公園,樹德公園(署),臺北市大同區大龍街90之10號前,121.516499,25.067032,臺北市大同區公所,3,0,3,0,0,1,0,,,
大同區,公園,歸綏公園(署),臺北市大同區重慶北路及歸綏街口,121.51329,25.058015,臺北市大同區公所,3,0,3,0,0,1,0,,,
大同區,公園,延平河濱公園43號,淡6敦煌水門,121.508319,25.076995,水利處高灘地北區管理站,1,0,0,0,0,0,0,,,
大同區,公園,延平河濱公園42號,淡6敦煌水門,121.508319,25.076995,水利處高灘地北區管理站,1,0,0,0,0,1,0,,,
大同區,公園,延平河濱公園41號,國順疏散門旁,121.508998,25.068829,水利處高灘地北區管理站,1,0,0,0,0,0,0,,,
大同區,公園,延平河濱公園40號,廣澤宮,121.50835,25.06209,水利處高灘地北區管理站,1,0,0,0,0,0,0,,,
大同區,公園,延平河濱公園34號,天水宮自行車道旁無障礙,121.508265,25.058146,水利處高灘地南區管理站,1,0,0,0,0,0,0,,,
大同區,公園,延平河濱公園景觀,天水宮旁,121.508265,25.058146,水利處高灘地南區管理站,1,0,0,0,0,0,0,,,
大同區,公園,延平大稻埕景觀廁所NO.1,大稻埕碼頭旁,121.50796,25.05719,水利處高灘地南區管理站,1,0,0,0,0,0,0,,,
大同區,公園,延平大稻埕景觀廁所NO.2,大稻埕碼頭旁,121.50796,25.05719,水利處高灘地南區管理站,1,0,0,0,0,0,0,,,
大同區,公園,延平大稻埕景觀廁所NO.3,大稻埕碼頭旁,121.50796,25.05719,水利處高灘地南區管理站,1,0,0,0,0,0,0,,,
大同區,公園,延平大稻埕景觀廁所NO.4,大稻埕自行車租借站旁,121.507635,25.055754,水利處高灘地南區管理站,1,0,0,0,0,0,0,,,
大同區,公園,延平大稻埕景觀廁所NO.5,大稻埕自行車租借站旁,121.507635,25.055754,水利處高灘地南區管理站,1,0,0,0,0,0,0,,,
大同區,公園,延平大稻埕景觀廁所NO.6,大稻埕自行車租借站旁,121.507635,25.055754,水利處高灘地南區管理站,1,0,0,0,0,0,1,,,
大同區,公園,延平大稻埕景觀廁所NO.7,大稻埕自行車租借站旁,121.507635,25.055754,水利處高灘地南區管理站,1,0,0,0,0,0,0,,,
大同區,公園,延平大稻埕景觀廁所NO.8,大稻埕自行車租借站旁,121.507635,25.055754,水利處高灘地南區管理站,1,0,0,0,0,0,0,,,
大同區,公園,延平大稻埕景觀廁所NO.1,延平宮旁,121.50727,25.054213,水利處高灘地南區管理站,1,0,0,0,0,0,0,,,
大同區,公園,延平大稻埕景觀廁所NO.2,延平宮旁,121.50727,25.054213,水利處高灘地南區管理站,1,0,0,0,0,0,0,,,
大同區,公園,延平大稻埕景觀廁所NO.3,延平宮旁,121.50727,25.054213,水利處高灘地南區管理站,1,0,0,0,0,0,1,,,
大同區,公園,延平大稻埕景觀廁所NO.4,延平宮旁,121.50727,25.054213,水利處高灘地南區管理站,1,0,0,0,0,0,0,,,
大同區,公園,延平河濱公園74號,大稻埕延平宮下游水防道路旁,121.507139,25.053167,水利處高灘地南區管理站,1,0,0,0,0,0,0,,,
大同區,公園,延平河濱公園61號,忠孝橋上游50公尺自行車道旁,121.505122,25.049813,水利處高灘地南區管理站,1,0,0,0,0,0,0,,,
大同區,公園,延平河濱公園62號,忠孝橋上游50公尺自行車道旁,121.505122,25.049813,水利處高灘地南區管理站,1,0,0,0,0,1,0,,,
大同區,文化育樂場所,大稻埕戲苑,臺北市大同區迪化街一段21號8樓,121.510325,25.054501,臺北市藝文推廣處,5,5,0,0,0,1,0,,,
大同區,文化育樂場所,新芳春茶行,臺北市大同區民生西路309號,121.512543,25.057079,財團法人臺灣文創發展基金會,5,5,0,0,0,1,1,,,
大同區,文化育樂場所,臺北當代藝術館,臺北市大同區長安西路39號,121.518381,25.050821,臺北當代藝術館,2,2,0,0,0,0,0,,,
大同區,文化育樂場所,大同運動中心,臺北市大同區大龍街51號,121.516314,25.064665,大同運動中心,12,12,0,0,0,2,0,,,
大同區,加油站,中油民權西路加油站,臺北市大同區民權西路194號,121.514394,25.062837,臺灣中油股份有限公司民權西路站,3,3,0,0,0,1,0,,,
大同區,市場,公有雙連市場(署),臺北市大同區民生西路198號,121.51684,25.057036,臺北市市場處公有雙連市場,3,0,0,3,0,1,0,,,
大同區,市場,公有永樂市場(署),臺北市大同區迪化街一段21號,121.510334,25.054812,臺北市市場處公有永樂市場,12,0,12,0,0,0,0,,,
大同區,市場,公有大龍市場(署),臺北市大同區重慶北路三段347號,121.51416,25.074936,臺北市市場處公有大龍市場,4,0,4,0,0,1,1,,,
大同區,市場,公有蘭州市場(署),臺北市大同區昌吉街55號,121.515667,25.06601,臺北市公有蘭州市場,3,0,3,0,0,1,0,,,
大同區,交通,捷運中山站(淡水信義線),臺北市大同區南京西路16號,121.520518,25.052433,捷運中山站,3,3,0,0,0,0,1,,,
大同區,交通,捷運雙連站(淡水信義線),臺北市大同區民生西路47號,121.520653,25.057686,捷運雙連站,3,3,0,0,0,0,1,,,
大同區,交通,捷運民權西路站(淡水信義線),臺北市大同區民權西路72號,121.519531,25.062724,捷運民權西路站,3,3,0,0,0,0,1,,,
大同區,交通,捷運圓山站(淡水信義線),臺北市大同區酒泉街9之1號,121.520118,25.071353,捷運圓山站,3,3,0,0,0,0,1,,,
大同區,交通,捷運北門站(松山新店線),臺北市大同區塔城街10號,121.510184,25.049554,捷運北門站,6,6,0,0,0,0,2,,,
大同區,交通,捷運中山站(松山新店線),臺北市大同區南京西路55號,121.520364,25.052621,捷運中山站,3,3,0,0,0,0,1,,,
大同區,交通,臺北市啟聰學校地下停車場,臺北市大同區延平北路四段205號地下室,121.511747,25.074299,臺北市停管處啟聰學校地下停車場,3,3,0,0,0,1,0,,,
大同區,交通,延平國小地下停車場,臺北市大同區昌吉街97號,121.511904,25.067205,歐特儀股份有限公司延平地下停車場,3,0,3,0,0,0,1,,,
大同區,交通,大稻埕公園地下停車場(署),臺北市大同區歸綏街243號地下,121.510314,25.058348,大稻埕公園地下停車場,3,0,3,0,0,1,0,,,
大同區,交通,成淵高中地下停車場,臺北市大同區承德路二段235號之1地下室,121.519698,25.060765,臺北市停車管理工程處成淵高中地下停車場,3,0,3,0,0,1,0,,,
大同區,交通,建成國中地下停車場(署),臺北市大同區長安西路37號之1地下室,121.519621,25.050483,臺北市停車管理工程處建成國中地下停車場,3,0,3,0,0,1,0,,,
大同區,交通,揚雅立體停車場,臺北市大同區大龍街136號,121.515846,25.067427,臺北市停車管理工程處揚雅立體停車場,2,0,2,0,0,0,0,,,
大同區,交通,市民大道地下停車場塔城段,臺北市大同區西寧北路-塔城街間地下,121.509083,25.050352,臺北市停車管理工程處,3,0,3,0,0,1,0,,,
大同區,交通,塔城公園地下停車場(署),臺北市大同區塔城街11號地下,121.510651,25.050686,臺北市停車管理工程處塔城公園地下停車場,3,0,3,0,0,1,0,,,
大同區,交通,朝陽公園地下停車場(署),臺北市大同區重慶北路二段68號B1,121.513168,25.055952,臺北市政府停車管理處朝陽公園地下停車場,3,0,3,0,0,1,0,,,
大同區,交通,臺北轉運站,臺北市大同區市民大道一段209號,121.518569,25.048786,萬達通實業股份有限公司,12,12,0,0,0,4,0,,,
大同區,交通,捷運民權西路站(新蘆線),臺北市大同區民權西路72號1F,121.519346,25.062879,捷運民權西路站,5,5,0,0,0,0,1,,,
大同區,交通,捷運大橋頭站(新蘆線),臺北市大同區民權西路223號,121.513043,25.063171,捷運大橋頭站,5,5,0,0,0,1,1,,,
大同區,交通,蓬萊國小地下停車場,臺北市大同區寧夏路35號B1(夜),121.51571,25.056387,臺北市停車管理工程處蓬萊國小地下停車場,5,0,5,0,0,1,0,,,
大同區,交通,大龍國小地下停車場,臺北市大同區哈密街47號地下,121.516707,25.073472,臺北市停車管理工程處大龍國小地下停車場,3,3,0,0,0,1,0,,,
大同區,交通,建成公園地下停車場(署),臺北市大同區承德路二段31號,121.518145,25.054064,臺北市停車管理工程處建成公園地下停車場,3,0,3,0,0,1,0,,,
大同區,宗教,保安宮,臺北市大同區哈密街61號,121.51542,25.073159,大龍峒保安宮,4,0,4,0,0,1,0,,,
大同區,宗教,孔廟,臺北市大同區大龍街275號,121.516179,25.072762,臺北市孔廟管理委員會,4,4,0,0,0,1,1,,,
大同區,宗教,普濟寺,臺北市大同區華陰街100號,121.514073,25.050515,普濟寺,2,0,2,0,0,0,0,,,
大同區,連鎖餐飲店,甲天下(長安西路店),臺北市大同區長安西路287號,121.509506,25.052128,海霸王企業集團,5,0,5,0,0,1,0,,,
大同區,連鎖餐飲店,馬來亞餐廳,臺北市大同區長安西路287之2號,121.509683,25.052181,馬來亞餐廳有限公司,2,0,2,0,0,0,0,,,
大同區,連鎖餐飲店,麥當勞台北承德店,"臺北市大同區承德路一段34號,36號1樓及32號2樓之1",121.516675,25.050797,臺灣麥當勞餐廳股份有限公司台北承德分公司,3,0,3,0,0,1,0,,,
大同區,連鎖餐飲店,肯德基臺北承德分公司,臺北市大同區承德路一段38號1樓,121.516702,25.050888,怡和餐飲股份有限公司臺北承德一之一分公司,3,0,3,0,0,1,0,,,
大同區,連鎖餐飲店,摩斯漢堡長安店,臺北市大同區長安西路219號1樓,121.512504,25.052046,安心食品服務股份有限公司長安西路分公司,1,0,1,0,0,0,0,,,
大同區,連鎖餐飲店,麥當勞台北民生三店,臺北市大同區民生西路55號,121.520362,25.057738,台灣麥當勞餐廳股份有限公司民生Ⅲ分公司,1,0,1,0,0,0,0,,,
大同區,連鎖餐飲店,Starbucks星巴克保安門市,臺北市大同區保安街11號,121.513199,25.059261,悠游生活事業股份有限公司,1,1,0,0,0,0,0,,,
大同區,連鎖餐飲店,統一星巴克庫倫承德門市,臺北市大同區庫倫街51號,121.51925,25.072045,統一星巴克股份有限公司,2,0,2,0,0,0,0,,,
大同區,連鎖餐飲店,吉野家重北店,臺北市大同區重慶北路三段259號,121.514016,25.071722,台灣吉野家股份有限公司重北店,1,1,0,0,0,0,0,,,
大同區,連鎖餐飲店,拿坡里民生店,臺北市大同區民生西路83號,121.519582,25.057747,拿帕里股份有限公司民生分公司,1,0,1,0,0,0,0,,,
大同區,連鎖餐飲店,摩斯漢堡雙連店,臺北市大同區民生西路77號,121.519779,25.057652,安心食品服務股份有限公司雙連分公司,1,0,1,0,0,0,0,,,
大同區,連鎖餐飲店,摩斯漢堡重慶店,臺北市大同區重慶北路三段271號,121.514089,25.072597,安心食品服務股份有限公司台北重慶分公司,1,0,1,0,0,0,0,,,
大同區,綜合零售賣場,統一超商臺北市德倫門市,臺北市大同區承德路三段240號242號1樓,121.518552,25.072542,統一超商股份有限公司臺北市德倫門市,1,0,1,0,0,0,0,,,
大同區,綜合零售賣場,統一超商臺北市昌吉門市,臺北市大同區承德路三段60號60-1號,121.518105,25.0653,統一超商股份有限公司臺北市昌吉門市,1,0,1,0,0,0,0,,,
大同區,綜合零售賣場,統一超商臺北市鑫寧門市,臺北市大同區民生西路214號,121.514962,25.057027,統一超商股份有限公司臺北市鑫寧門市,1,0,1,0,0,0,0,,,
大同區,綜合零售賣場,統一超商臺北市延埕門市,臺北市大同區延平北路二段159號1樓,121.511596,25.058262,統一超商股份有限公司臺北市延埕門市,1,0,1,0,0,0,0,,,
大同區,綜合零售賣場,統一超商臺北市靜中門市,臺北市大同區寧夏路71號,121.515191,25.058503,統一超商股份有限公司,1,0,1,0,0,0,0,,,
大同區,綜合零售賣場,統一超商臺北市蓬萊門市,臺北市大同區寧夏路131之1號,121.514507,25.060667,統一超商股份有限公司,1,0,1,0,0,0,0,,,
大同區,綜合零售賣場,統一超商臺北市仟發門市,臺北市大同區民生西路95號,121.519262,25.057605,統一超商股份有限公司,1,0,1,0,0,0,0,,,
大同區,綜合零售賣場,統一超商臺北市雙連門市,臺北市大同區民生西路176號,121.517543,25.057138,統一超商股份有限公司,1,0,1,0,0,0,0,,,
大同區,綜合零售賣場,統一超商臺北市延華門市,臺北市大同區延平北路一段93號,121.511969,25.051881,統一超商股份有限公司,1,0,1,0,0,0,0,,,
大同區,綜合零售賣場,統一超商臺北市酒泉門市,臺北市大同區重慶北路三段260號,121.513583,25.071494,統一超商股份有限公司,1,0,1,0,0,0,0,,,
大同區,綜合零售賣場,統一超商臺北市哈蜜門市,臺北市大同區重慶北路三段309號,121.51405,25.073903,統一超商股份有限公司,1,0,1,0,0,0,0,,,
大同區,綜合零售賣場,統一超商臺北市圓泉門市,臺北市大同區酒泉街25號,121.519355,25.070699,統一超商股份有限公司,1,0,1,0,0,0,0,,,
大同區,綜合零售賣場,統一超商臺北市京磚門市,臺北市大同區華陰街65號,121.517557,25.049806,統一超商股份有限公司,1,0,1,0,0,0,0,,,
大同區,綜合零售賣場,統一超商臺北市慶寧門市,臺北市大同區寧夏路23號,121.515123,25.055121,統一超商股份有限公司,1,0,1,0,0,0,0,,,
大同區,綜合零售賣場,萬家福重慶店,臺北市大同區重慶北路二段171號,121.513807,25.059148,康達盛通生活事業股份有限公司台北重慶分公司,12,0,12,0,0,2,0,,,
大同區,綜合零售賣場,京站時尚廣場,臺北市大同區承德路一段1號,121.516825,25.049345,京站時尚廣場,25,25,0,0,0,6,6,,,
大同區,綜合零售賣場,中山地下街,臺北市大同區南京西路16號地下街(位於捷運臺北車站至雙連站之間),121.520382,25.052605,臺北大眾捷運股份有限公司,6,6,0,0,0,0,2,,,
大同區,機關,臺北市立圖書館建成分館,臺北市大同區民生西路198號4樓,121.51684,25.057036,臺北市立圖書館建成分館,3,3,0,0,0,1,0,,,
大同區,機關,臺北市立圖書館大同分館,臺北市大同區重慶北路三段318號,121.513555,25.074304,臺北市立圖書館大同分館,6,6,0,0,0,1,1,,,
大同區,機關,國稅局大同稽徵所,臺北市大同區昌吉街57號3樓,121.515458,25.066028,財政部臺北國稅局大同稽徵所,3,3,0,0,0,0,0,,,
大同區,機關,臺北市稅捐稽徵處大同分處,臺北市大同區昌吉街57號3樓,121.515458,25.066028,臺北市稅捐稽徵處大同分處,2,2,0,0,0,0,0,,,
大同區,機關,大同區戶政事務所,臺北市大同區昌吉街57號3樓,121.515458,25.066028,臺北市大同區戶政事務所,3,3,0,0,0,0,1,,,
大同區,機關,臺北市立圖書館延平分館,臺北市大同區保安街47號,121.512092,25.059169,臺北市立圖書館延平分館,12,12,0,0,0,0,0,,,
大同區,機關,大同區公所,臺北市大同區昌吉街57號4樓,121.515458,25.066028,臺北市大同區公所,6,6,0,0,0,2,0,照護床,4樓北側,
大同區,機關,永樂 T Fashion 時尚基地,臺北市大同區迪化街一段21號4樓,121.510365,25.054903,國際時尚藝術文化協會,6,0,6,0,0,2,0,,,
大同區,機關,大稻埕遊客中心,臺北市大同區迪化街一段44號,121.510007,25.054931,臺北市觀光傳播局,3,3,0,0,0,1,1,,,
大同區,機關,大同社福中心,臺北市大同區昌吉街57號6樓之1,121.515173,25.065923,大同社福中心,3,3,0,0,0,0,0,,,
大同區,機關,延平區民活動中心,臺北市大同區保安街47之1號3樓,121.512075,25.059249,大同區延平區民活動中心,1,0,1,0,0,0,0,,,
大同區,機關,民生西路派出所,臺北市大同區保安街47-1號,121.512054,25.059224,臺北市政府警察局民生西路派出所,1,0,1,0,0,1,0,,,
大同區,機關,民族路派出所,臺北市大同區重慶北路三段168號,121.513505,25.068835,臺北市政府警察局?民族路派出所,1,0,1,0,0,0,0,,,
大同區,機關,延平派出所,臺北市大同區延平北路一段86號,121.511729,25.052216,臺北市政府警察局?延平派出所,1,0,1,0,0,0,0,,,
大同區,機關,建成派出所,臺北市大同區承德路一段80號,121.517241,25.052818,臺北市政府警察局?建成派出所,1,0,1,0,0,0,0,,,
大同區,機關,重慶北路派出所,臺北市大同區重慶北路三段320之2號,121.513685,25.075478,臺北市政府警察局?重慶北路派出所,1,0,1,0,0,0,0,,,
大同區,機關,臺北市立圖書館蘭州民眾閱覽室,臺北市大同區昌吉街57號4樓,121.515458,25.066028,臺北市立圖書館蘭州民眾閱覽室,4,4,0,0,0,1,1,,,
大同區,機關,臺北市市場處,臺北市大同區迪化街一段21號6樓,121.510561,25.054988,臺北市市場處,4,4,0,0,0,2,0,,,
大同區,機關,大同4號,臺北市大同區南京西路282巷6號旁（圓環邊和旺凱悅大樓邊進入）,121.514684,25.053337,臺北市政府環境保護局,1,0,0,1,0,0,0,,,
大同區,機關,大同8號,臺北市大同區民族西路169巷40號對面（重慶北路3段205巷40號進入）,121.515838,25.069915,臺北市政府環境保護局,1,0,0,1,0,0,0,,,
大同區,機關,大同9號,臺北市大同區重慶北路三段236巷20-1號旁,121.512788,25.070473,臺北市政府環境保護局,1,0,0,1,0,0,0,,,
大同區,醫院,聯合醫院中興院區,臺北市大同區鄭州路145號,121.50919,25.050911,臺北市立聯合醫院中興院區,31,31,0,0,0,5,4,照護床,"2樓近眼科辦公室旁,早療2樓無障礙廁所",
大同區,醫院,聯合醫院大同門診部,臺北市大同區昌吉街52號,121.516493,25.065761,臺北市立聯合醫院大同門診部,5,5,0,0,0,1,0,,,
大同區,觀光遊憩,臺北迪化污水處理廠附設休閒運動公園   ,臺北市大同區酒泉街235號,121.51061,25.072468,臺北迪化污水處理廠附設休閒運動公園,4,0,4,0,0,2,2,照護床,運動公園活動中心男廁及女廁,
大安區,大專院校,中國文化大學推廣教育部,臺北市大安區建國南路二段231號,121.538013,25.025917,中國文化大學推廣教育部,13,13,0,0,0,0,1,,,
大安區,公園,永康公園,臺北市大安區永康街8號,121.529745,25.032032,臺北市大安區公所,3,0,3,0,0,2,0,,,
大安區,公園,嘉興公園,臺北市大安區樂業街與嘉興街口,121.55193,25.021637,臺北市大安區公所,3,0,3,0,0,1,0,,,
大安區,公園,大安森林公園(署),臺北市大安區新生南路二段1號,121.535241,25.027752,公園路燈工程管理處青年公園管理所,22,13,8,1,0,4,11,,,
大安區,公園,福州山公園66號,臺北市大安區臥龍街195巷口,121.558392,25.017407,公園路燈工程管理處青年公園管理所,3,0,3,0,0,1,0,,,
大安區,公園,富陽自然生態公園,臺北市大安區富陽街167號旁邊,121.557396,25.016691,工務局公園路燈管理處青年所,3,1,2,0,0,1,0,,,
大安區,文化育樂場所,臺灣當代文化實驗場,臺北市大安區仁愛路三段55號,121.539858,25.039392,財團法人臺灣生活美學基金會,11,11,0,0,0,1,0,,,
大安區,文化育樂場所,大安運動中心,臺北市大安區辛亥路三段55號,121.545499,25.02065,大安運動中心,12,12,0,0,0,8,0,,,
大安區,加油站,中油基隆路加油站,臺北市大安區基隆路二段162號,121.555865,25.027606,臺灣中油股份有限公司基隆路站,3,3,0,0,0,1,0,,,
大安區,加油站,中油新生南路加油站,臺北市大安區仁愛路三段1號,121.533103,25.038425,臺灣中油股份有限公司新生南路站,3,0,3,0,0,2,0,,,
大安區,加油站,中油信義路加油站,臺北市大安區信義路四段374號,121.555473,25.032923,臺灣中油股份有限公司信義路站,3,3,0,0,0,1,0,,,
大安區,加油站,中油富陽街加油站,臺北市大安區富陽街133號,121.55693,25.019026,臺灣中油股份有限公司富陽街站,3,3,0,0,0,2,0,,,
大安區,加油站,中油龍安加油站,臺北市大安區和平東路二段2號,121.535306,25.025812,臺灣中油股份有限公司龍安站,3,0,3,0,0,1,0,,,
大安區,加油站,中油金山南路加油站,臺北市大安區金山南路二段77號,121.526942,25.031564,臺灣中油股份有限公司金山南路站,3,3,0,0,0,2,0,,,
大安區,加油站,勝利加油站,臺北市大安區建國南路二段75之1號,121.538105,25.031032,財團法人台北市勝利社會福利事業基金會,3,0,3,0,0,1,0,,,
大安區,加油站,陽光加油站,臺北市大安區建國南路一段57之1號,121.537003,25.044382,財團法人陽光福利基金會,3,0,3,0,0,1,0,,,
大安區,市場,公有錦安市場(署),臺北市大安區永康街58號,121.529604,25.028633,臺北市市場處公有錦安市場,1,0,1,0,0,0,0,,,
大安區,市場,公有信義市場(署),臺北市大安區信義路三段107號,121.539044,25.034026,臺北市市場處公有信義市場,1,0,1,0,0,1,0,,,
大安區,市場,公有安東市場(署),臺北市大安區瑞安街75號,121.541146,25.028279,臺北市市場處公有安東市場,3,0,3,0,0,2,0,,,
大安區,市場,公有成功中繼市場(署),臺北市大安區四維路192巷內,121.547977,25.027066,臺北市市場處公有成功市場,5,0,5,0,0,1,0,,,
大安區,交通,捷運忠孝復興站(文湖線),臺北市大安區忠孝東路三段302號,121.542995,25.041483,捷運忠孝復興站,4,4,0,0,0,1,1,照護床,3樓大廳付費區,
大安區,交通,捷運大安站(文湖線),臺北市大安區信義路四段2號,121.543828,25.033086,捷運大安站,3,3,0,0,0,1,0,,,
大安區,交通,捷運科技大樓站(文湖線),臺北市大安區復興南路二段235號,121.543645,25.026136,捷運科技大樓站,3,3,0,0,0,1,0,,,
大安區,交通,捷運六張犁站(文湖線),臺北市大安區和平東路三段168號,121.553126,25.02379,捷運六張犁站,3,3,0,0,0,1,0,,,
大安區,交通,捷運麟光站(文湖線),臺北市大安區和平東路三段410號,121.558729,25.018481,捷運麟光站,3,3,0,0,0,1,0,,,
大安區,交通,捷運忠孝新生站(板南線),臺北市大安區新生南路一段67號,121.533107,25.042023,捷運忠孝新生站,3,3,0,0,0,0,1,,,
大安區,交通,捷運忠孝敦化站(板南線),臺北市大安區忠孝東路四段182號,121.551744,25.041269,捷運忠孝敦化站,3,3,0,0,0,1,0,,,
大安區,交通,捷運忠孝復興站(板南線),臺北市大安區忠孝東路四段47號,121.544841,25.041833,捷運忠孝復興站,3,3,0,0,0,0,1,,,
大安區,交通,建國計程車服務站,臺北市大安區建國南路一段34號,121.536225,25.044161,建國計程車服務站,2,0,2,0,0,0,0,,,
大安區,交通,大安森林公園地下停車場(署),臺北市大安區建國南路二段2號地下一樓,121.537892,25.028771,臺北市停車管理工程處大安森林公園地下停車場,4,4,0,0,0,1,1,,,
大安區,交通,金華公園地下停車場,臺北市大安區金華街254巷1號地下,121.531765,25.029471,臺北市停車管理工程處金華公園地下停車場,3,3,0,0,0,0,1,,,
大安區,交通,附中公園地下停車場,臺北市大安區復興南路一段340巷11號地下,121.54301,25.036041,臺北市停車管理工程處附中公園地下停車場,2,0,2,0,0,2,0,,,
大安區,交通,大安高工地下停車場,臺北市大安區信義路三段166巷6弄12號地下,121.54071,25.032794,臺北市停車管理工程處大安高工地下停車場,3,3,0,0,0,1,0,,,
大安區,交通,建國橋下仁愛濟南段停車場(假日玉市),臺北市大安區建國橋下仁愛路-濟南路間,121.537761,25.039554,臺北市停車管理工程處,3,0,3,0,0,1,0,,,
大安區,交通,龍門國中地下停車場,臺北市大安區建國南路二段269號B1,121.53804,25.024266,臺北市停車管理工程處龍門國中地下停車場,10,10,0,0,0,4,0,,,
大安區,交通,科技大樓地下停車場,臺北市大安區復興南路二段224號,121.543211,25.026046,臺北市停車管理工程處,5,5,0,0,0,2,1,,,
大安區,交通,僑安地下停車場,臺北市大安區忠孝東路四段306號B1,121.556814,25.041287,臺北市停車管理工程處僑安地下停車場,3,0,3,0,0,1,0,,,
大安區,交通,捷運忠孝新生站(新蘆線),臺北市大安區新生南路一段67號B1,121.533107,25.042023,捷運忠孝新生站,3,3,0,0,0,1,0,,,
大安區,交通,捷運東門站(淡水信義線),臺北市大安區信義路二段166號,121.5288,25.0336,捷運東門站,5,5,0,0,0,0,1,,,
大安區,交通,捷運大安森林公園站(淡水信義線),臺北市大安區信義路三段100號B1,121.5337,25.033418,捷運大安森林公園站,6,6,0,0,0,0,2,,,
大安區,交通,捷運安和站(淡水信義線),臺北市大安區信義路四段212之1號B1,121.551853,25.033185,捷運信義安和站,3,3,0,0,0,0,1,,,
大安區,交通,捷運大安站(淡水信義線),臺北市大安區信義路四段2號,121.543828,25.033086,捷運信義大安站,5,5,0,0,0,1,0,,,
大安區,交通,大安國中地下停車場,臺北市大安區大安路二段79號,121.54616,25.029932,正好停股份有限公司,3,3,0,0,0,1,0,,,
大安區,宗教,大安區福安宮,臺北市大安區臥龍街61號,121.54746,25.022112,大安區福安宮,1,0,1,0,0,0,0,,,
大安區,連鎖餐飲店,麥當勞台北信義店,臺北市大安區信義路四段273號,121.554552,25.033374,台灣麥當勞餐廳股份有限公司台北信義分公司,3,0,3,0,0,2,0,,,
大安區,連鎖餐飲店,三商巧福通化分公司,臺北市大安區信義路四段294巷9號,121.554386,25.03256,三商行股份有限公司通化分公司,1,0,1,0,0,0,0,,,
大安區,連鎖餐飲店,麥當勞台北復興二店,臺北市大安區復興南路二段273號1樓,121.543687,25.025483,台灣麥當勞餐廳股份有限公司台北復興二分公司,1,0,1,0,0,0,0,,,
大安區,連鎖餐飲店,統一星巴克興南門市,臺北市大安區復興南路一段323號1樓,121.543899,25.033679,統一星巴克股份有限公司興南門市,1,0,1,0,0,0,0,,,
大安區,連鎖餐飲店,統一星巴克龍門門市,臺北市大安區忠孝東路四段134號1樓,121.54837,25.041327,統一星巴克股份有限公司龍門門市,1,0,1,0,0,0,0,,,
大安區,連鎖餐飲店,必勝客光復店,臺北市大安區忠孝東路四段343號2樓,121.557469,25.041579,富利食品股份有限公司光復分公司,2,2,0,0,0,0,0,,,
大安區,連鎖餐飲店,摩斯漢堡復興南路店,臺北市大安區復興南路二段151巷47號1樓,121.545689,25.028459,安心食品服務股份有限公司復興南路分公司,1,0,1,0,0,0,0,,,
大安區,連鎖餐飲店,漢堡王敦南店,臺北市大安區敦化南路二段164號1樓,121.548182,25.024255,家城股份有限公司敦南分公司,1,0,1,0,0,0,0,,,
大安區,連鎖餐飲店,丹堤咖啡濟南分公司,臺北市大安區濟南路三段25號,121.534739,25.040283,丹堤咖啡食品股份有限公司濟南分公司,2,0,2,0,0,0,0,,,
大安區,連鎖餐飲店,統一星巴克和平門市,臺北市大安區和平東路一段2號1樓,121.52293,25.027041,統一星巴克股份有限公司和平門市,1,0,1,0,0,0,0,,,
大安區,連鎖餐飲店,漢堡王新師大店,臺北市大安區師大路86巷1號,121.528002,25.023925,台鋼漢堡王股份有限公司,1,0,1,0,0,0,0,,,
大安區,連鎖餐飲店,摩斯漢堡和平東路店,臺北市大安區和平東路一段278號,121.534109,25.026176,安心食品服務股份有限公司和平東路分公司,2,0,2,0,0,0,0,,,
大安區,連鎖餐飲店,統一星巴克建和門市,臺北市大安區和平東路二段42之1號1F,121.537167,25.025709,統一星巴克股份有限公司建和門市,2,0,2,0,0,0,0,,,
大安區,連鎖餐飲店,京星港式飲茶,臺北市大安區敦化南路一段216號2樓,121.548531,25.041295,京星港式飲茶,2,0,2,0,0,0,0,,,
大安區,連鎖餐飲店,麥當勞台北新生店,臺北市大安區新生南路三段88之1.2.3號,121.533552,25.018322,台灣麥當勞餐廳股份有限公司台北新生分公司,3,3,0,0,0,2,0,,,
大安區,連鎖餐飲店,西雅圖咖啡忠孝延吉店,臺北市大安區忠孝東路四段250之1號,121.554365,25.041438,馥餘實業股份有限公司忠孝延吉分公司,2,0,2,0,0,0,0,,,
大安區,連鎖餐飲店,陶板屋台北光復南店,臺北市大安區光復南路286號B1,121.557391,25.039795,王品餐飲股份有限公司陶板屋台北光復南分公司,3,3,0,0,0,2,0,,,
大安區,連鎖餐飲店,麥當勞台北光復店,臺北市大安區光復南路286號1F,121.557391,25.039795,台灣麥當勞餐廳股份有限公司台北光復南路分公司,3,3,0,0,0,2,0,,,
大安區,連鎖餐飲店,摩斯漢堡光復店,臺北市大安區光復南路552號1F,121.557316,25.03475,安心食品服務股份有限公司光復分公司,1,0,1,0,0,0,0,,,
大安區,連鎖餐飲店,麥當勞羅斯福店,臺北市大安區羅斯福路二段45號1F,121.522393,25.027721,台灣麥當勞餐廳股份有限公司羅斯福分公司,3,3,0,0,0,2,0,,,
大安區,連鎖餐飲店,統一星巴克辛亥門市,臺北市大安區辛亥路二段175號,121.541072,25.02183,統一星巴克股份有限公司辛亥門市,1,0,1,0,0,0,0,,,
大安區,連鎖餐飲店,統一星巴克興和門市,臺北市大安區復興南路二段275號,121.543647,25.025602,統一星巴克股份有限公司興和門市,1,0,1,0,0,0,0,,,
大安區,連鎖餐飲店,爭鮮迴轉壽司科技店,臺北市大安區復興南路二段191號,121.543658,25.026934,爭鮮股份有限公司科技分公司,1,1,0,0,0,0,0,,,
大安區,連鎖餐飲店,摩斯漢堡金山店,臺北市大安區金山南路二段121號,121.526792,25.030784,安心食品服務股份有限公司金山南路分公司,2,0,2,0,0,0,0,,,
大安區,連鎖餐飲店,吉野家東門店,臺北市大安區金山南路二段9號,121.52735,25.03405,台灣吉野家股份有限公司東門分公司,1,0,1,0,0,0,0,,,
大安區,連鎖餐飲店,摩斯漢堡信義通化店,臺北市大安區信義路四段304號1樓,121.554784,25.032964,安心食品服務股份有限公司信義通化分公司,2,0,2,0,0,0,0,,,
大安區,連鎖餐飲店,西雅圖咖啡台大店,臺北市大安區新生南路三段88號,121.533337,25.018826,馥餘實業股份有限公司台大分公司,2,0,2,0,0,0,0,,,
大安區,連鎖餐飲店,統一星巴克羅斯福路門市,臺北市大安區羅斯福路三段301號1F,121.531813,25.017893,統一星巴克股份有限公司克羅斯福門市,1,0,1,0,0,0,0,,,
大安區,連鎖餐飲店,摩斯漢堡羅斯福路店,臺北市大安區羅斯福路三段233號1F,121.529796,25.019895,安心食品服務股份有限公司羅斯福路分公司,2,0,2,0,0,0,0,,,
大安區,連鎖餐飲店,爭鮮迴轉壽司古亭店,臺北市大安區羅斯福路二段73號1F,121.521256,25.029539,爭鮮股份有限公司古亭分公司,1,1,0,0,0,0,0,,,
大安區,連鎖餐飲店,摩斯漢堡長興店,臺北市大安區基隆路三段85號,121.545016,25.017644,安心食品服務股份有限公司摩斯漢堡長興店,2,0,2,0,0,0,0,,,
大安區,連鎖餐飲店,摩斯漢堡新生店,"臺北市大安區新生南路一段161之1,9號1樓",121.533077,25.03449,安心食品服務股份有限公司新生店,1,0,1,0,0,0,0,,,
大安區,綜合零售賣場,太平洋崇光百貨(忠孝館)　　　　　,臺北市大安區忠孝東路四段45號,121.544838,25.041758,太平洋崇光百貨股份有限公司台北忠孝館,26,26,0,0,0,7,0,,,
大安區,綜合零售賣場,明曜百貨,臺北市大安區忠孝東路四段200號,121.551962,25.041348,明曜百貨股份有限公司,17,17,0,0,0,1,0,,,
大安區,綜合零售賣場,統一超商臺北市統家門市,臺北市大安區忠孝東路四段216巷27弄1號1樓,121.553341,25.039975,統一超商股份有限公司臺北市統家門市,1,0,1,0,0,0,0,,,
大安區,綜合零售賣場,全聯福利中心大安延吉店,臺北市大安區市民大道四段190號,121.553981,25.044185,全聯實業股份有限公司全聯福利社大安延吉店,3,0,3,0,0,1,0,,,
大安區,綜合零售賣場,統一超商臺北市黎元門市,臺北市大安區臥龍街188巷1號,121.550932,25.018282,統一超商股份有限公司臺北市黎元門市,1,0,1,0,0,0,0,,,
大安區,綜合零售賣場,樂家康大安臨江店,臺北市大安區臨江街87號,121.554981,25.030102,康達盛通股份有限公司大安臨江分公司,2,0,2,0,0,0,0,,,
大安區,綜合零售賣場,新光三越百貨台北忠孝分公司一館,臺北市大安區忠孝東路三段268號,121.542124,25.041583,新光三越百貨股份有限公司台北忠孝分公司,8,8,0,0,0,2,0,,,
大安區,綜合零售賣場,新光三越百貨台北忠孝分公司二館,臺北市大安區忠孝東路三段282號,121.542614,25.04165,新光三越百貨股份有限公司台北忠孝分公司二館,6,6,0,0,0,2,0,,,
大安區,綜合零售賣場,太平洋崇光百貨(復興館)　　　　　,臺北市大安區忠孝東路三段300號,121.543239,25.041476,太平洋崇光百貨股份有限公司,28,28,0,0,0,6,1,,,
大安區,綜合零售賣場,東區地下街,臺北市大安區大安路一段77號地下街(位於忠孝復興站至忠孝敦化站之間),121.5462,25.0418,臺北大眾捷運股份有限公司,9,9,0,0,0,0,3,,,
大安區,綜合零售賣場,遠企購物中心,臺北市大安區敦化南路二段203號,121.549269,25.02636,遠企購物中心,15,15,0,0,0,1,0,,,
大安區,綜合零售賣場,統一超商臺北市敦信門市,臺北市大安區仁愛路四段122巷50號,121.550158,25.034433,統一超商股份有限公司臺北市敦信門市,1,0,1,0,0,0,0,,,
大安區,機關,臺北市立圖書館道藩分館,臺北市大安區辛亥路三段11號3樓,121.543808,25.021481,臺北市立圖書館道藩分館,3,3,0,0,0,2,0,,,
大安區,機關,臺北市立圖書館總館,臺北市大安區建國南路二段125號,121.538369,25.029152,臺北市立圖書館總館,31,31,0,0,0,9,0,,,
大安區,機關,大安區公所,臺北市大安區新生南路二段86號,121.534607,25.026441,臺北市大安區公所,5,5,0,0,0,1,0,照護床,10樓,
大安區,機關,國稅局大安分局,臺北市大安區新生南路二段86號,121.534607,25.026441,財政部臺北國稅局大安分局,8,8,0,0,0,2,0,,,
大安區,機關,大安地政事務所,臺北市大安區信義路四段335巷6號,121.556434,25.033834,臺北市大安地政事務所,9,9,0,0,0,1,1,,,
大安區,機關,臺北市稅捐稽徵處大安分處,臺北市大安區新生南路二段86號,121.534607,25.026441,臺北市稅捐稽徵處大安分處,3,3,0,0,0,1,0,,,
大安區,機關,大安區戶政事務所,臺北市大安區新生南路二段86號,121.534607,25.026441,臺北市大安區戶政事務所,6,6,0,0,0,2,1,,,
大安區,機關,大安分局,臺北市大安區仁愛路三段2號,121.533057,25.037837,臺北市政府警察局大安分局,2,0,2,0,0,0,0,,,
大安區,機關,安和路派出所,臺北市大安區信義路四段216號,121.551868,25.033043,臺北市政府警察局安和路派出所,1,0,1,0,0,0,0,,,
大安區,機關,和平東路派出所,臺北市大安區和平東路一段143號,121.530718,25.026534,臺北市政府警察局和平東路派出所,1,0,1,0,0,0,0,,,
大安區,機關,臥龍街派出所,臺北市大安區臥龍街185號,121.551744,25.01804,臺北市政府警察局臥龍街派出所,1,0,1,0,0,1,0,,,
大安區,機關,敦化南路派出所,臺北市大安區復興南路一段219號之1,121.549224,25.041024,臺北市政府警察局敦化南路派出所,3,0,3,0,0,1,0,,,
大安區,機關,瑞安街派出所,臺北市大安區瑞安街23巷17號,121.544985,25.03113,臺北市政府警察局瑞安街派出所,1,1,0,0,0,0,0,,,
大安區,機關,羅斯福路派出所,臺北市大安區羅斯福路四段115號,121.537614,25.011038,臺北市政府警察局羅斯福路派出所,1,0,1,0,0,0,0,,,
大安區,機關,臺北市立圖書館成功閱覽室,臺北市大安區和平東路二段311巷29號4樓,121.545211,25.025442,臺北市立圖書館成功民眾閱覽室,3,3,0,0,0,1,0,,,
大安區,機關,臺北市立圖書館延吉閱覽室,臺北市大安區延吉街236巷17號3-4樓,121.555021,25.036117,臺北市立圖書館延吉民眾閱覽室,4,4,0,0,0,0,1,,,
大安區,機關,新生南路派出所,臺北市大安區仁愛路三段18號,121.534156,25.037729,臺北市政府警察局新生南路派出所,1,0,1,0,0,1,0,,,
大安區,機關,臺北市懷愛館,臺北市大安區辛亥路三段330號,121.552118,25.014697,臺北市殯葬管理處第二殯儀館,26,0,26,0,0,5,0,,,
大安區,機關,臺北市立圖書館龍安民眾閱覽室,臺北市大安區永康街60號2.3F,121.529646,25.029034,臺北市立圖書館龍安民眾閱覽室,5,5,0,0,0,1,0,,,
大安區,機關,大安區健康服務中心,臺北市大安區辛亥路三段15號2樓,121.543954,25.02146,臺北市大安區健康服務中心,5,5,0,0,0,1,0,,,
大安區,機關,大安1號,臺北市大安區四維路6巷2號對面,121.548033,25.03706,臺北市政府環境保護局,1,0,0,1,0,0,0,,,
大安區,機關,大安23號,臺北市大安區基隆路三段155巷182弄坡上(150弄臨44號右後方）,121.548401,25.01355,臺北市政府環境保護局,1,0,0,1,0,0,0,,,
大安區,機關,大安2號,臺北市大安區瑞安街208巷47弄39號慈湄宮旁,121.541707,25.030005,臺北市政府環境保護局,1,0,1,0,0,0,0,,,
大安區,機關,大安6號,臺北市大安區臨江街102之5號旁巷內,121.555036,25.029931,臺北市政府環境保護局,1,0,1,0,0,0,0,,,
大安區,機關,大安7號,臺北市大安區臨江街106之2號市場內,121.554785,25.029983,臺北市政府環境保護局,1,0,1,0,0,0,0,,,
大安區,機關,大安8號,臺北市大安區臨江街112巷旁市場內,121.555257,25.029933,臺北市政府環境保護局,1,0,1,0,0,0,0,,,
大安區,機關,大安花市3號,臺北市大安區仁愛路與建國南路口高架橋下,121.53806,25.037046,臺北市政府環境保護局,1,0,1,0,0,0,0,,,
大安區,機關,中正16號,臺北市大安區羅斯福路四段119巷66弄1號旁,121.539366,25.00922,臺北市政府環境保護局,1,0,1,0,0,0,0,,,
大安區,醫院,國泰綜合醫院　　　　,臺北市大安區仁愛路四段280號,121.553682,25.036827,財團法人國泰綜合醫院,11,11,0,0,0,2,0,,,
大安區,醫院,聯合醫院仁愛院區　　　　　,臺北市大安區仁愛路四段10號,121.545224,25.037512,臺北市立聯合醫院仁愛院區,24,23,1,0,0,4,1,照護床,"醫療大樓5樓,南棟大樓1樓,檢驗大樓6樓",
大安區,醫院,中山醫院　　　　　,臺北市大安區仁愛路四段112巷11號,121.549967,25.036393,財團法人中山醫院,7,0,7,0,0,1,0,,,
大安區,醫院,中心綜合醫院　　　　　,臺北市大安區忠孝東路四段77號,121.547439,25.04177,中心診所醫療財團法人中心綜合醫院,6,0,6,0,0,3,0,,,
大安區,醫院,宏恩醫院,臺北市大安區仁愛路四段71巷1號,121.547122,25.03975,宏恩醫療財團法人宏恩綜合醫院,3,0,3,0,0,0,0,,,
大安區,醫院,秀傳醫院,臺北市大安區光復南路116巷1、3、5號,121.556833,25.043095,台北秀傳醫院,1,1,0,0,0,0,0,,,
大安區,醫院,臺大癌醫中心,臺北市大安區基隆路三段155巷57號1樓,121.544196,25.014688,國立臺灣大學醫學院附設醫院,4,4,0,0,0,0,1,,,
中山區,公園,榮星公園(署),臺北市中山區民權東路三段1號,121.538864,25.063371,公園路燈工程管理處圓山公園管理所榮星公園,9,0,9,0,0,3,0,照護床,2號公廁,
中山區,公園,新生公園,臺北市中山區新生北路三段105號建國高架橋旁,121.531014,25.068647,公園路燈工程管理處圓山公園管理所新生公園,13,5,8,0,0,7,2,照護床,新生公園景觀1號公廁,
中山區,公園,朱崙公園,臺北市中山區龍江路45巷,121.54163,25.049296,臺北市中山區公所,2,0,1,1,0,1,0,,,
中山區,公園,一江公園,臺北市中山區一江街及松江路146號邊,121.531197,25.053518,臺北市中山區公所,3,0,1,2,0,2,0,,,
中山區,公園,民族公園,臺北市中山區民族東路新生北路口,121.527608,25.068483,公園路燈工程管理處圓山管理所民族公園,3,0,3,0,0,1,0,,,
中山區,公園,劍潭公園,臺北市中山區中山北路四段劍潭公園,121.524493,25.080501,公園路燈工程管理處圓山公園管理所劍潭公園,3,0,3,0,0,1,0,,,
中山區,公園,八二三砲戰紀念公園,臺北市中山區北安路中山北路四段交叉口,121.526797,25.076933,公燈處圓山管理所八二三砲戰紀念公園,1,0,1,0,0,0,0,,,
中山區,公園,力行3號公園,臺北市中山區通北街146巷口,121.537118,25.085504,臺北市中山區公所,3,0,0,3,0,1,0,,,
中山區,公園,四平公園,臺北市中山區伊通街97之1,121.534612,25.053129,臺北市中山區公所,1,0,0,1,0,1,0,,,
中山區,公園,中山康樂公園(公園中山15號),臺北市中山區林森北路與南京東路一段交叉口,121.524911,25.053302,公園路燈工程管理處圓山公園管理所中山康樂公園(公園中山15號),3,0,3,0,0,1,0,照護床,康樂公園公廁,
中山區,公園,新壽公園,臺北市中山區新生北路三段3巷41號55 號,121.529986,25.063266,臺北市中山區公所,1,0,1,0,0,0,0,,,
中山區,公園,中吉公園,臺北市中山區松江路170巷內,121.531902,25.056499,臺北市中山區公所,1,0,1,0,0,0,0,,,
中山區,公園,永直公園,臺北市中山區北安路608巷4弄底,121.550495,25.081731,臺北市中山區公所,1,0,1,0,0,1,0,,,
中山區,文化育樂場所,臺北市立美術館,臺北市中山區中山北路三段181號,121.524686,25.072631,臺北市立美術館,15,15,0,0,0,2,3,照護床,1樓,
中山區,文化育樂場所,MAISON ACME圓山別邸,臺北市中山區中山北路三段181-1號,121.524532,25.073173,展美有限公司,1,1,0,0,0,0,0,,,
中山區,文化育樂場所,樹火紀念紙博物館,臺北市中山區長安東路二段68號,121.534197,25.048348,樹火紀念紙博物館,2,2,0,0,0,0,0,,,
中山區,文化育樂場所,袖珍博物館,臺北市中山區建國北路一段96號B1,121.536298,25.050391,袖珍博物館,1,1,0,0,0,0,0,,,
中山區,文化育樂場所,光點臺北之家,臺北市中山區中山北路二段18號,121.522161,25.053279,臺北之家,1,1,0,0,0,1,0,,,
中山區,文化育樂場所,中山運動中心,臺北市中山區中山北路二段44巷2號,121.521531,25.054968,中山運動中心,10,0,10,0,0,3,0,,,
中山區,加油站,中油中崙加油站,臺北市中山區八德路二段214號,121.539601,25.046359,臺灣中油股份有限公司中崙站,2,2,0,0,0,0,0,,,
中山區,加油站,中油新生北路加油站,臺北市中山區新生北路二段71號,121.52805,25.056552,臺灣中油股份有限公司新生北路站,1,1,0,0,0,1,0,,,
中山區,加油站,中油吉林路加油站,臺北市中山區吉林路31號,121.5302,25.050893,臺灣中油股份有限公司吉林路站,1,0,1,0,0,1,0,,,
中山區,加油站,中油大直加油站,臺北市中山區明水路661號,121.550653,25.084249,臺灣中油股份有限公司大直站,2,2,0,0,0,0,0,,,
中山區,加油站,濱江加油站,臺北市中山區濱江街195號,121.539409,25.072918,濱江加油站,1,0,1,0,0,1,0,,,
中山區,加油站,榮耀大直橋加油加氣站,臺北市中山區濱江街333號,121.547778,25.072675,榮耀能源股份有限公司,1,0,1,0,0,1,0,,,
中山區,市場,公有長春市場(署),臺北市中山區長春路299號,121.542386,25.054769,臺北市市場處公有長春市場,2,0,2,0,0,0,0,,,
中山區,市場,公有中山市場(署),臺北市中山區長安西路3號,121.521077,25.050213,臺北市市場處公有中山市場,5,0,5,0,0,2,0,,,
中山區,市場,公有大直市場(署),臺北市中山區北安路476號,121.545138,25.079657,臺北市市場處公有大直市場,1,0,1,0,0,0,0,,,
中山區,市場,公有松江市場(署),臺北市中山區錦州街222號,121.53215,25.060217,臺北市市場處公有松江市場,1,0,1,0,0,1,0,,,
中山區,市場,臺北民族漁市(署),臺北市中山區民族東路410巷2弄20號,121.536732,25.066674,臺北市市場處臺北民族漁市,4,0,4,0,0,1,0,,,
中山區,市場,臺北第二果菜批發市場(濱江)(署),臺北市中山區民族東路336號,121.537226,25.068013,臺北農產運銷股份有限公司臺北第二果菜批發市場,18,5,13,0,0,4,0,,,
中山區,交通,進安公園地下停車場,臺北市中山區八德路二段158號B1-B3,121.537702,25.046182,進安公園地下停車場,2,0,2,0,0,2,0,,,
中山區,交通,捷運松江南京站(松山新店線),臺北市中山區松江路126號B1,121.533077,25.051885,捷運松江南京站,5,5,0,0,0,0,3,,,
中山區,交通,捷運中山國中站(文湖線),臺北市中山區復興北路376號,121.544215,25.060841,捷運中山國中站,3,3,0,0,0,0,1,,,
中山區,交通,市民大道地下停車場公中段,臺北市中山區公園路-中山北路間地下,121.518763,25.048429,臺北市停車管理工程處,5,0,5,0,0,3,0,,,
中山區,交通,市民大道地下停車場中林段,臺北市中山區中山北路-林森北路間地下,121.52278,25.047881,臺北市停車管理工程處,4,0,4,0,0,1,0,,,
中山區,交通,市民大道地下停車場林金段,臺北市中山區林森北路-金山北路間地下,121.527482,25.046906,臺北市停車管理工程處,16,0,16,0,0,0,5,,,
中山區,交通,林森公園地下停車場,臺北市中山區南京東路-林森北路口中山14號公園地下,121.526444,25.052533,臺北市停車管理工程處林森公園地下停車場,13,0,13,0,0,1,0,,,
中山區,交通,臺北第二果菜市場地下停車場(濱江),臺北市中山區民族東路336號B1,121.537226,25.068013,臺北第二果菜市場地下停車場(濱江),3,0,3,0,0,2,0,,,
中山區,交通,市民大道地下停車場建復段,臺北市中山區市民大道建國南路復興南路段,121.541088,25.044638,臺北市停車管理工程處,3,3,0,0,0,2,0,,,
中山區,交通,大直計程車服務站,臺北市中山區北安路676號,121.549935,25.084421,大直計程車服務站,2,0,2,0,0,1,0,,,
中山區,交通,中山計程車服務站,臺北市中山區新生北路三段市立美術館後,121.525693,25.071735,中山計程車服務站,3,0,3,0,0,1,1,,,
中山區,交通,濱江國中地下停車場,臺北市中山區樂群二路266巷1號地下,121.561806,25.078575,臺北市停車管理工程處濱江國中地下停車場,3,0,3,0,0,1,0,,,
中山區,交通,長安國小地下停車場,臺北市中山區吉林路15號B1,121.530356,25.049764,長安國小地下停車場,3,3,0,0,0,2,0,,,
中山區,交通,榮星公園地下停車場(署),臺北市中山區建國北路三段39號B1,121.537425,25.064072,臺北市停車管理工程處榮星公園地下停車場,3,0,2,1,0,2,0,,,
中山區,交通,捷運劍南路站(文湖線),臺北市中山區北安路798號,121.555462,25.084787,捷運劍南路站,3,3,0,0,0,0,1,,,
中山區,交通,捷運大直站(文湖線),臺北市中山區北安路534之1號,121.547078,25.079446,捷運大直站,3,3,0,0,0,0,1,,,
中山區,交通,永盛公園地下停車場,臺北市中山區中山北路二段93巷30號,121.524689,25.059163,臺北市停車管理工程處永盛公園地下停車場,0,0,0,0,0,0,0,,,
中山區,交通,捷運松江南京站(新蘆線),臺北市中山區松江路126號B1,121.532951,25.052906,捷運松江南京站,5,5,0,0,0,0,1,,,
中山區,交通,捷運行天宮站(新蘆線),臺北市中山區松江路316號B1,121.533084,25.060552,捷運行天宮站,3,3,0,0,0,3,1,,,
中山區,交通,捷運中山國小站(新蘆線),臺北市中山區民權東路一段71號B1,121.527658,25.062655,捷運中山國小站,4,4,0,0,0,0,1,,,
中山區,宗教,行天宮　　　,臺北市中山區民權東路二段109號,121.533633,25.062824,財團法人台北行天宮,2,2,0,0,0,0,0,,,
中山區,宗教,臨濟護國禪寺,臺北市中山區玉門街9號,121.520858,25.072551,財團法人臺北市臨濟護國禪寺,1,1,0,0,0,0,0,,,
中山區,宗教,慧日講堂,臺北市中山區朱崙街36號,121.541376,25.049928,慧日講堂,2,0,2,0,0,2,0,,,
中山區,連鎖餐飲店,彭園湘菜館(林森店),臺北市中山區林森北路380號2、3樓,121.525387,25.058361,彭園湘菜館有限公司,3,0,3,0,0,0,0,,,
中山區,連鎖餐飲店,統一星巴克馬偕門市,"臺北市中山區民生西路7號1,2樓",121.521663,25.057958,統一星巴克股份有限公司馬偕門市,1,0,1,0,0,0,0,,,
中山區,連鎖餐飲店,天廚菜館,臺北市中山區南京西路1號2～4樓,121.522136,25.05241,天廚菜館,2,0,2,0,0,0,0,,,
中山區,連鎖餐飲店,摩斯漢堡民權西路店,臺北市中山區民權西路25號1樓,121.521502,25.063014,安心食品服務股份有限公司民權西路分公司,1,0,1,0,0,0,0,,,
中山區,連鎖餐飲店,三商巧福民權分公司,臺北市中山區民權西路45號,121.520962,25.063025,三商行股份有限公司民權分公司,1,0,1,0,0,0,0,,,
中山區,連鎖餐飲店,欣葉餐廳,臺北市中山區雙城街34號,121.524245,25.066621,欣葉餐廳,2,2,0,0,0,0,0,,,
中山區,連鎖餐飲店,統一星巴克松江門市,臺北市中山區松江路206號1樓,121.532821,25.057683,統一星巴克股份有限公司松江門市,1,1,0,0,0,0,0,,,
中山區,連鎖餐飲店,吉野家吉林分公司,臺北市中山區吉林路36號1樓,121.529949,25.051665,臺灣吉野家股份有限公司吉林分公司,2,0,2,0,0,1,0,,,
中山區,連鎖餐飲店,摩斯漢堡吉林分公司,臺北市中山區吉林路27號1樓,121.530192,25.050771,安心食品服務股份有限公司吉林分公司,1,0,1,0,0,0,0,,,
中山區,連鎖餐飲店,海霸王(北區),臺北市中山區中山北路三段59號,121.523226,25.068714,海霸王(北區),8,5,3,0,0,0,0,,,
中山區,連鎖餐飲店,臺北時代廣場,臺北市中山區樂群二路265巷18號,121.560638,25.080524,臺北時代廣場管理委員會,6,6,0,0,0,2,0,,,
中山區,連鎖餐飲店,王品台塑牛排館中山分公司,臺北市中山區中山北路二段33號2樓,121.522842,25.053301,王品餐飲股份有限公司王品台北中山北分公司,1,1,0,0,0,0,0,,,
中山區,連鎖餐飲店,麥當勞林森一店,"臺北市中山區南京東路一段86號1,2樓",121.525573,25.051815,台灣麥當勞餐廳股份有限公司林森Ⅰ分公司,1,0,1,0,0,1,0,,,
中山區,連鎖餐飲店,摩斯漢堡林森店,"臺北市中山區林森北路140號1,2樓",121.525096,25.051558,安心食品服務股份有限公司林森分公司,1,1,0,0,0,0,0,,,
中山區,連鎖餐飲店,摩斯漢堡台北中山店,"臺北市中山區中山北路二段9號1樓,9之1號1樓",121.522933,25.052719,安心食品服務股份有限公司台北中山分公司,1,0,1,0,0,0,0,,,
中山區,連鎖餐飲店,摩斯漢堡民權店,臺北市中山區民權東路三段5號1樓,121.541173,25.06257,安心食品服務股份有限公司民權分公司,1,0,1,0,0,0,0,,,
中山區,連鎖餐飲店,麥當勞長春店,臺北市中山區長春路172號,121.533823,25.05458,台灣麥當勞餐廳股份有限公司長春分公司,1,0,1,0,0,0,0,,,
中山區,連鎖餐飲店,摩斯漢堡長春松江店,臺北市中山區長春路149之1號,121.532839,25.054509,安心食品服務股份有限公司松江分公司,1,0,1,0,0,0,0,,,
中山區,連鎖餐飲店,摩斯漢堡康華店,臺北市中山區松江路274號,121.532782,25.059789,安心食品服務股份有限公司康華分公司,1,0,1,0,0,0,0,,,
中山區,連鎖餐飲店,西堤牛排南京東分公司,臺北市中山區南京東路二段11號2樓,121.527892,25.052435,王品餐飲股份有限公司西堤台北南京東分公司,1,1,0,0,0,0,0,,,
中山區,連鎖餐飲店,爭鮮迴轉壽司伊通店,臺北市中山區南京東路二段174號2樓,121.534839,25.051974,爭鮮股份有限公司伊通分公司,1,1,0,0,0,0,0,,,
中山區,連鎖餐飲店,陶板屋台北南京東店,臺北市中山區南京東路二段178號2樓,121.535053,25.052246,王品餐飲股份有限公司陶板屋台北南京東分公司,1,1,0,0,0,1,0,,,
中山區,連鎖餐飲店,摩斯漢堡南東店,臺北市中山區南京東路三段116號,121.540074,25.052188,安心食品服務股份有限公司南東分公司,1,0,1,0,0,0,0,,,
中山區,連鎖餐飲店,摩斯漢堡實踐大學店,臺北市中山區大直街59號,121.546383,25.08385,安心食品服務股份有限公司實踐大學分公司,1,0,1,0,0,0,0,,,
中山區,連鎖餐飲店,摩斯漢堡北安店,臺北市中山區北安路586號,121.548786,25.081459,安心食品服務股份有限公司北安分公司,1,0,1,0,0,0,0,,,
中山區,連鎖餐飲店,麥當勞台北北安店,臺北市中山區北安路626號,121.549194,25.083014,台灣麥當勞餐廳股份有限公司台北北安分公司,1,0,1,0,0,0,0,,,
中山區,連鎖餐飲店,三商巧福伊通店,臺北市中山區伊通街41之3號,121.534946,25.051196,三商行股份有限公司伊通分公司,1,0,1,0,0,0,0,,,
中山區,連鎖餐飲店,肯德基雙連店,臺北市中山區民生西路9號,121.521578,25.057961,怡和餐飲股份有限公司台北雙連分公司,1,0,1,0,0,0,0,,,
中山區,連鎖餐飲店,麥當勞民權三店,臺北市中山區民權西路68號,121.519716,25.062641,台灣麥當勞餐廳股份有限公司民權三分公司,1,0,1,0,0,1,0,,,
中山區,連鎖餐飲店,統一星巴克林森門市,臺北市中山區林森北路247號1樓,121.525698,25.054443,統一星巴克股份有限公司林森門市,1,1,0,0,0,1,0,,,
中山區,連鎖餐飲店,麥當勞林森三店,臺北市中山區林森北路413號1樓,121.525762,25.060002,台灣麥當勞餐廳股份有限公司林森三分公司,1,0,1,0,0,1,0,,,
中山區,連鎖餐飲店,摩斯漢堡民權林森店,"臺北市中山區民權東路一段76號1,2樓",121.525397,25.062646,安心食品服務股份有限公司民權林森分公司,1,0,1,0,0,0,0,,,
中山區,連鎖餐飲店,拿坡里龍江店,臺北市中山區龍江路303號,121.540868,25.06111,拿帕里股份有限公司龍江分公司,1,0,1,0,0,0,0,,,
中山區,連鎖餐飲店,丹堤咖啡民權行天宮店,臺北市中山區民權東路二段148號,121.534195,25.062199,丹堤咖啡食品股份有限公司民權行天宮分公司,1,1,0,0,0,0,0,,,
中山區,連鎖餐飲店,統一星巴克龍權門市,臺北市中山區民權東路三段22號1樓,121.540375,25.06216,統一星巴克股份有限公司龍權門市,1,1,0,0,0,0,0,,,
中山區,連鎖餐飲店,統一星巴克民權門市,臺北市中山區民權東路三段88號,121.54398,25.061985,統一星巴克股份有限公司民權門市,1,0,1,0,0,0,0,,,
中山區,連鎖餐飲店,西雅圖咖啡榮星分公司,臺北市中山區民權東路三段3號1樓,121.541083,25.062626,馥餘實業股份有限公司西雅圖榮星分公司,1,1,0,0,0,0,0,,,
中山區,連鎖餐飲店,三商巧福民權二分公司,臺北市中山區民權東路三段11號1樓,121.541362,25.062607,三商行股份有限公司民權二分公司,1,1,0,0,0,0,0,,,
中山區,連鎖餐飲店,麥當勞台北民權二店,臺北市中山區民權東路二段43號1-2樓,121.53044,25.06284,台灣麥當勞餐廳股份有限公司台北民權二分公司,2,0,2,0,0,0,0,,,
中山區,綜合零售賣場,統一超商臺北市江東門市,臺北市中山區長安東路一段43號45-1號1樓,121.531752,25.048607,統一超商股份有限公司臺北市江東門市,1,0,1,0,0,0,0,,,
中山區,綜合零售賣場,新光三越台北南西店,臺北市中山區南京西路12號,121.521187,25.052307,新光三越百貨股份有限公司,30,30,0,0,0,6,4,,,
中山區,綜合零售賣場,統一超商臺北市新晴光門市,臺北市中山區雙城街30號,121.524291,25.065879,統一超商臺北市新晴光門市,1,0,1,0,0,0,0,,,
中山區,綜合零售賣場,誠品生活南西店,臺北市中山區南京西路14號,121.520656,25.052219,誠品生活股份有限公司,14,14,0,0,0,2,4,,,
中山區,綜合零售賣場,樂家康台北錦州店,臺北市中山區錦州街276號,121.534988,25.060244,康達盛通生活事業股份有限公司台北錦州分公司,2,0,2,0,0,0,0,,,
中山區,綜合零售賣場,大全聯中崙店,臺北市中山區八德路二段308號B2(CITY LINK大樓),121.542606,25.047119,全聯實業股份有限公司,7,3,4,0,0,2,1,,,
中山區,綜合零售賣場,美麗華百樂園,臺北市中山區敬業三路20號,121.557293,25.082837,美麗華城市發展股份有限公司,26,26,0,0,0,4,5,,,
中山區,綜合零售賣場,統一超商臺北市稻江門市,臺北市中山區新生北路三段35號,121.528053,25.064976,統一超商股份有限公司臺北市稻江門市,1,0,1,0,0,0,0,,,
中山區,綜合零售賣場,統一超商臺北市吉林門市,臺北市中山區吉林路209號1樓2樓,121.530377,25.06028,統一超商股份有限公司臺北市吉林門市,1,0,1,0,0,0,0,,,
中山區,綜合零售賣場,欣欣百貨,臺北市中山區林森北路247號,121.525601,25.05421,欣欣百貨,5,5,0,0,0,1,0,,,
中山區,機關,中山區戶政事務所,臺北市中山區松江路367號2樓,121.533556,25.064455,臺北市中山區戶政事務所,2,2,0,0,0,0,2,,,
中山區,機關,林森公園康樂區民活動中心(署),臺北市中山區南京東路一段35號2樓,121.526958,25.052145,臺北市中山區公所,3,0,3,0,0,1,0,,,
中山區,機關,中山區劍潭里區民活動中心,臺北市中山區通北街143號,121.538,25.084993,中山區公所民政課劍潭里區民活動中心,1,0,1,0,0,0,0,,,
中山區,機關,中山地政事務所,臺北市中山區松江路357巷1號1樓,121.534167,25.063559,臺北市中山地政事務所,6,6,0,0,0,0,1,,,
中山區,機關,中山區健康服務中心,臺北市中山區松江路367號7樓,121.533556,25.064455,中山區清潔隊,2,1,1,0,0,1,0,,,
中山區,機關,臺北市立圖書館中山分館,臺北市中山區松江路367號8樓,121.533556,25.064455,臺北市立圖書館中山分館,2,2,0,0,0,1,0,,,
中山區,機關,臺北市立圖書館長安分館,臺北市中山區長安西路3號4樓,121.521077,25.050213,臺北市立圖書館長安分館,3,3,0,0,0,1,0,,,
中山區,機關,臺北市立圖書館大直分館,臺北市中山區大直街25號3、4、5樓,121.546687,25.08185,臺北市立圖書館大直分館,6,6,0,0,0,0,0,,,
中山區,機關,國稅局中南稽徵所,臺北市中山區松江路219號,121.533394,25.05766,財政部臺北國稅局中南稽徵所,7,7,0,0,0,0,0,,,
中山區,機關,國稅局松山分局,臺北市中山區南京東路三段131號4樓,121.540676,25.052141,財政部臺北國稅局松山分局,4,4,0,0,0,1,0,,,
中山區,機關,臺北市動產質借處中山分處,臺北市中山區長安西路3號6樓,121.520754,25.050021,臺北市動產質借處中山分處,2,2,0,0,0,0,0,,,
中山區,機關,中山社福中心,臺北市中山區合江街137號,121.539347,25.061611,中山社福中心,2,1,1,0,0,0,0,,,
中山區,機關,中山分局,臺北市中山區中山北路段1號,121.52283,25.052625,臺北市政府警察局中山分局,1,0,1,0,0,0,0,,,
中山區,機關,大直派出所,臺北市中山區北安路456號,121.544149,25.079512,臺北市政府警察局大直派出所,1,0,1,0,0,0,0,,,
中山區,機關,民權一派出所,臺北市中山區新生北路二段127號之1,121.527936,25.059882,臺北市政府警察局民權一派出所,1,0,1,0,0,0,0,,,
中山區,機關,長春路派出所,臺北市中山區長春路206號,121.536099,25.054615,臺北市政府警察局長春路派出所,1,0,1,0,0,0,0,,,
中山區,機關,建國派出所,臺北市中山區民族東路284號,121.536047,25.068007,臺北市政府警察局建國派出所,1,0,1,0,0,0,0,,,
中山區,機關,圓山派出所,臺北市中山區中山北路三段62號,121.523684,25.07324,臺北市政府警察局圓山派出所,1,0,1,0,0,1,0,,,
中山區,機關,臺北自來水事業處北區營業分處,臺北市中山區長安西路3號2樓,121.521077,25.050213,臺北自來水事業處北區營業分處,2,2,0,0,0,0,0,,,
中山區,機關,中山區公所,臺北市中山區松江路367號,121.533556,25.064455,臺北市中山區公所,6,6,0,0,0,0,4,,,
中山區,機關,臺北市稅捐稽徵處中北分處,臺北市中山區松江路367號3樓,121.533556,25.064455,臺北市稅捐稽徵處中北分處,2,2,0,0,0,2,0,,,
中山區,機關,臺北市立圖書館恆安民眾閱覽室,臺北市中山區民權東路一段71巷19號,121.527172,25.06336,臺北市立圖書館恆安民眾閱覽室,8,0,8,0,0,1,0,,,
中山區,機關,國稅局中北稽徵所,臺北市中山區松江路219號,121.533394,25.05766,財政部臺北國稅局中北稽徵所,8,8,0,0,0,1,1,,,
中山區,機關,中山14號,臺北市中山區中山北路三段圓山派出所高架橋下（中山北路3段往大直慢車道高架橋下）,121.522729,25.068485,臺北市政府環境保護局,1,0,1,0,0,0,1,,,
中山區,機關,中山23號,臺北市中山區北安路729巷附近往自強遂道機慢車道旁登山步道入口左側進入60公尺,121.55055,25.086345,臺北市政府環境保護局,1,0,0,1,0,0,0,,,
中山區,機關,中山8號,臺北市中山區北安路805巷6號劍潭古寺旁,121.555828,25.086312,臺北市政府環境保護局,1,0,0,1,0,0,0,,,
中山區,機關,中山9號,臺北市中山區龍江路179巷15之5號旁,121.541511,25.055237,臺北市政府環境保護局,1,0,1,0,0,0,0,,,
中山區,機關,中山公園1號,臺北市中山區中山北路四段圓山早覺會圓通巖旁,121.529049,25.081534,臺北市政府環境保護局,1,0,1,0,0,0,0,,,
中山區,機關,中山公園2號,臺北市中山區中山北路四段圓山早覺會71巷2弄5號圖書室旁,121.52656,25.080835,臺北市政府環境保護局,1,0,1,0,0,0,0,,,
中山區,機關,中山公園3號,臺北市中山區中山北路四段圓山早覺會土地公廟旁,121.527912,25.081976,臺北市政府環境保護局,0,0,0,0,0,0,0,,,
中山區,機關,中山公園4號,臺北市中山區中山北路四段圓山早覺會萬壽園旁,121.528424,25.084326,臺北市政府環境保護局,1,0,1,0,0,0,0,,,
中山區,醫院,馬偕紀念醫院,臺北市中山區中山北路二段92號,121.522429,25.058443,台灣基督長老教會馬偕醫療財團法人馬偕紀念醫院,28,28,0,0,0,4,0,,,
中山區,醫院,聯合醫院林森中醫院區,臺北市中山區林森北路530號,121.525434,25.063509,臺北市立聯合醫院林森中醫院區,5,5,0,0,0,1,1,照護床,林森大樓1樓,
中山區,觀光遊憩,國民革命忠烈祠,臺北市中山區北安路139號,121.533073,25.078801,全民防衛動員署後備指揮部,4,4,0,0,0,1,1,,,
中山區,觀光遊憩,花博公園,臺北市中山區玉門街1號,121.520548,25.070634,臺北市政府產業發展局/財團法人臺北市會展產業發展基金會/臺北市政府原住民事務委員會,7,0,7,0,0,2,1,,,
中山區,觀光遊憩,林安泰古厝,臺北市中山區濱江街5號林安泰古厝內,121.530361,25.071746,林安泰古厝,7,2,5,0,0,2,2,,,
中山區,觀光遊憩,圓山風景區,臺北市中山區中山北路四段1巷圓山飯店右側停車場邊,121.528021,25.078441,臺北市政府工務局大地工程處,3,0,3,0,0,1,0,,,
中正區,大專院校,臺北市立大學,臺北市中正區愛國西路1號,121.514465,25.035334,臺北市立大學,10,10,0,0,0,0,0,,,
中正區,大專院校,國立臺北商業大學,臺北市中正區濟南路一段321號,121.52536,25.041961,國立臺北商業大學,9,9,0,0,0,1,0,,,
中正區,大專院校,東吳大學城區部,臺北市中正區貴陽街一段56號,121.509997,25.038918,東吳大學城區部,6,6,0,0,0,2,0,,,
中正區,大專院校,文化大學大新館,臺北市中正區延平南路127號,121.508694,25.038411,文化大學推廣部大新館,8,8,0,0,0,3,0,,,
中正區,大專院校,文化大學忠孝館,臺北市中正區忠孝東路一段41號,121.525838,25.044525,中國文化大學推廣教育部忠孝館,12,12,0,0,0,1,0,,,
中正區,公園,二二八和平公園,臺北市中正區懷寧街37巷,121.514344,25.043137,公園路燈工程管理處青年公園管理所二二八和平公園,7,3,4,0,0,2,0,,,
中正區,公園,逸仙公園,臺北市中正區中山北路、北平西路交叉口國父史蹟紀念館內,121.520269,25.047554,公園路燈工程管理處青年公園管理所,3,0,3,0,0,1,1,,,
中正區,公園,古亭河濱公園,臺北市中正區同安街底永福橋至中正橋間,121.522197,25.020129,水利處南區分隊,2,0,2,0,0,0,0,,,
中正區,公園,中央藝文公園,臺北市中正區北平東路30號對面,121.525912,25.046065,公園路燈工程管理處青年公園管理所,3,3,0,0,0,0,1,,,
中正區,公園,中正河濱公園,中正壘球場旁,121.512474,25.023581,水利處高灘地南區管理站,1,0,0,0,0,0,0,,,
中正區,公園,中正河濱公園,中正壘球場旁,121.512495,25.023638,水利處高灘地南區管理站,1,0,0,0,0,1,0,,,
中正區,公園,中正河濱公園,中正網球場及籃球場間,121.514159,25.023774,水利處高灘地南區管理站,1,0,0,0,0,0,0,,,
中正區,公園,中正河濱公園,中正網球場及籃球場間,121.514108,25.023779,水利處高灘地南區管理站,1,0,0,0,0,0,0,,,
中正區,公園,中正河濱公園,中正兒童遊戲場旁,121.514782,25.022832,水利處高灘地南區管理站,1,0,0,0,0,1,0,,,
中正區,公園,中正河濱公園,中正兒童遊戲場旁,121.514782,25.022832,水利處高灘地南區管理站,1,0,0,0,0,0,1,,,
中正區,公園,中正河濱公園,中正兒童遊戲場旁,121.514782,25.023779,水利處高灘地南區管理站,1,0,0,0,0,0,0,,,
中正區,公園,古亭河濱公園,古亭網球場及籃球場間,121.520723,25.019837,水利處高灘地南區管理站,1,0,0,0,0,1,0,,,
中正區,公園,古亭河濱公園,古亭網球場及籃球場間,121.520723,25.019837,水利處高灘地南區管理站,1,0,0,0,0,0,0,,,
中正區,公園,古亭河濱公園,客家平台花海旁,121.522556,25.018908,水利處高灘地南區管理站,1,0,0,0,0,0,0,,,
中正區,公園,古亭河濱公園,永福橋停車場旁,121.525915,25.014517,水利處高灘地南區管理站,1,0,0,0,0,0,0,,,
中正區,公園,古亭河濱公園,永福橋停車場旁,121.526022,25.014513,水利處高灘地南區管理站,1,0,0,0,0,0,1,,,
中正區,公園,古亭河濱公園,永福橋停車場旁,121.526022,25.014513,水利處高灘地南區管理站,1,0,0,0,0,0,1,,,
中正區,公園,古亭河濱公園,永福橋停車場旁,121.526022,25.014517,水利處高灘地南區管理站,1,0,0,0,0,0,1,,,
中正區,公園,古亭河濱公園,永福橋停車場旁,121.526022,25.014513,水利處高灘地南區管理站,1,0,0,0,0,1,0,,,
中正區,文化育樂場所,國立歷史博物館,臺北市中正區南海路49號,121.511227,25.031454,國立歷史博物館,13,13,0,0,0,3,1,,,
中正區,文化育樂場所,國立臺灣藝術教育館,臺北市中正區南海路43號,121.511775,25.031672,國立臺灣藝術教育館,6,6,0,0,0,2,0,,,
中正區,文化育樂場所,國立臺灣博物館,臺北市中正區襄陽路2號,121.515003,25.043301,國立臺灣博物館,23,23,0,0,0,2,2,,,
中正區,文化育樂場所,郵政博物館,臺北市中正區重慶南路二段45號,121.514696,25.031731,中華郵政股份有限公司,12,12,0,0,0,0,0,,,
中正區,文化育樂場所,臺北市政府青年局,臺北市中正區仁愛路一段17號,121.522275,25.038971,臺北市政府青年局,30,30,0,0,0,8,2,照護床,4樓,
中正區,文化育樂場所,國家表演藝術中心-國家兩廳院,臺北市中正區中山南路21之1號,121.519033,25.036731,國家表演藝術中心-國家兩廳院,8,8,0,0,0,0,0,照護床,"音樂廳2樓,戲劇院1樓",
中正區,文化育樂場所,二二八紀念館(署),臺北市中正區凱達格蘭大道3號,121.515614,25.040271,二二八紀念館,0,0,0,0,0,0,0,,,
中正區,文化育樂場所,市長官邸藝文沙龍,臺北市中正區徐州路46號,121.524322,25.040436,財團法人瑞興銀行文化基金會市長官邸藝文沙龍,0,0,0,0,0,0,0,,,
中正區,文化育樂場所,牯嶺街小劇場,臺北市中正區牯嶺街5巷2號,121.515409,25.031734,牯嶺街小劇場經營管處,3,0,3,0,0,1,0,,,
中正區,文化育樂場所,華山創意園區(華山藝文廣場)(署),臺北市中正區八德路一段1號,121.529399,25.04413,台灣文創發展股份有限公司,7,7,0,0,0,0,0,,,
中正區,文化育樂場所,中正運動中心,臺北市中正區信義路一段1號,121.518896,25.038569,中正運動中心,25,25,0,0,0,7,1,,,
中正區,文化育樂場所,二二八國家紀念館,臺北市中正區南海路54號,121.51379,25.031614,財團法人二二八事件紀念基金會,3,3,0,0,0,0,1,,,
中正區,文化育樂場所,水源劇場,臺北市中正區羅斯福路四段92號10樓,121.535005,25.013743,水源劇場,5,3,2,0,0,1,0,,,
中正區,文化育樂場所,紀州庵,臺北市中正區同安街115號,121.520353,25.021133,財團法人台灣文學發展基金會紀州庵,3,3,0,0,0,1,0,,,
中正區,加油站,中油汀州路加油站,臺北市中正區汀州路三段1號,121.535941,25.011575,臺灣中油股份有限公司汀州路站,3,3,0,0,0,1,0,,,
中正區,加油站,中油林森北路加油站,臺北市中正區林森北路11號,121.523887,25.046145,臺灣中油股份有限公司林森北路站,2,2,0,0,0,0,0,,,
中正區,加油站,中油莒光路加油站,臺北市中正區莒光路2號,121.507302,25.031393,臺灣中油股份有限公司莒光路站,3,3,0,0,0,1,0,,,
中正區,市場,公有華山市場(署),臺北市中正區忠孝東路一段108號,121.524834,25.044194,臺北市市場處公有華山市場,6,0,6,0,0,2,0,,,
中正區,市場,公有幸安市場(署),臺北市中正區濟南路二段46號,121.530902,25.040316,臺北市市場處公有幸安市場,3,0,3,0,0,1,0,,,
中正區,市場,公有東門市場(署),臺北市中正區信義路二段81號,121.526638,25.034572,臺北市市場處公有東門市場,2,0,2,0,0,1,0,,,
中正區,市場,公有水源市場(署),臺北市中正區羅斯福路四段92號(夜),121.535005,25.013743,臺北市市場處公有水源市場,5,0,5,0,0,1,0,,,
中正區,市場,公有南門市場(署),臺北市中正區羅斯福路一段8號,121.522284,25.030271,臺北市市場處公有南門市場,13,13,0,0,0,3,1,照護床,1樓無障礙,
中正區,市場,公有新生市場(署),臺北市中正區新生南路一段134之1號,121.532503,25.036616,臺北市市場處公有新生市場,1,0,1,0,0,0,0,,,
中正區,交通,臺北車站,臺北市中正區北平西路3號,121.516989,25.047893,臺鐵公司北區營運處臺北運務段臺北站,25,25,0,0,0,5,4,"照護床,污物盆",1樓西一門,1樓西一門
中正區,交通,中山堂地下停車場,臺北市中正區衡陽路93號,121.509728,25.043034,中山堂地下停車場,4,4,0,0,0,0,0,,,
中正區,交通,三創文化園區地下停車場,臺北市中正區市民大道三段2號,121.531431,25.045728,三創文化園區地下停車場,10,10,0,0,0,0,0,,,
中正區,交通,捷運中正紀念堂站(松山新店線),臺北市中正區羅斯福路一段8之1號,121.518363,25.032251,捷運中正紀念堂站,7,7,0,0,0,1,2,照護床,B1北大廳,
中正區,交通,捷運台大醫院站(淡水信義線),臺北市中正區公園路52號,121.515715,25.041003,捷運臺大醫院站,3,3,0,0,0,1,0,,,
中正區,交通,捷運古亭站(松山新店線),臺北市中正區羅斯福路二段164之1號,121.523279,25.025473,捷運古亭站,3,3,0,0,0,0,1,,,
中正區,交通,捷運臺北車站(淡水信義線),臺北市中正區忠孝西路一段49號,121.517896,25.046374,捷運臺北車站,6,6,0,0,0,0,2,,,
中正區,交通,捷運公館站(松山新店線),臺北市中正區羅斯福路四段64-1號B1F(夜),121.534269,25.014786,捷運公館站,3,3,0,0,0,0,1,,,
中正區,交通,捷運台電大樓站(松山新店線),臺北市中正區羅斯福路三段216-5號B1F,121.529708,25.018927,捷運台電大樓站,3,3,0,0,0,0,1,,,
中正區,交通,捷運西門站(板南線),臺北市中正區寶慶路32-1號B1F,121.508652,25.041746,捷運西門站,6,6,0,0,0,0,2,,,
中正區,交通,捷運善導寺站(板南線),臺北市中正區忠孝西路一段58號,121.523133,25.044746,捷運善導寺站,3,3,0,0,0,1,1,,,
中正區,交通,統一精工台大水源停車場,臺北市中正區思源路16號,121.530095,25.014189,嘟嘟房臺大水源站停車場,5,0,5,0,0,1,0,,,
中正區,交通,機場捷運A1站,臺北市中正區鄭州路8號,121.513772,25.048737,桃園國際機場捷運臺北站,9,9,0,0,0,1,3,,,
中正區,交通,捷運臺北車站(板南線),臺北市中正區忠孝西路一段49號,121.517896,25.046374,捷運臺北車站,3,3,0,0,0,0,1,照護床,B2大廳層付費區,
中正區,交通,捷運小南門站(松山新店線),臺北市中正區愛國西路22號-1樓,121.511274,25.035203,捷運小南門站,3,3,0,0,0,0,1,,,
中正區,交通,國家兩廳院地下停車場,臺北市中正區中山南路21之1號,121.519033,25.036731,國家表演藝術中心-國家兩廳院,6,6,0,0,0,0,0,,,
中正區,交通,公館計程車服務站,臺北市中正區汀洲路三段230巷15號,121.53235,25.01037,公館計程車服務站,1,0,1,0,0,1,0,,,
中正區,交通,台灣高鐵臺北站,臺北市中正區北平西路3號1樓,121.516989,25.047893,台灣高速鐵路股份有限公司,6,6,0,0,0,2,0,,,
中正區,宗教,善導寺　　　　　,臺北市中正區忠孝東路一段23號,121.524873,25.044687,淨土宗善導寺,2,2,0,0,0,0,0,,,
中正區,宗教,臺灣省城隍廟,臺北市中正區武昌街一段14號,121.5127,25.044,財團法人臺北市臺灣省城隍廟,2,0,2,0,0,0,0,,,
中正區,宗教,寶藏巖,臺北市中正區汀州路三段230巷23號,121.533343,25.01081,寶藏巖,1,0,0,1,0,0,0,,,
中正區,宗教,華嚴蓮社,臺北市中正區濟南路二段44號,121.530651,25.040512,華嚴蓮社,2,2,0,0,0,0,0,,,
中正區,連鎖餐飲店,摩斯漢堡南昌店,臺北市中正區南昌路一段44號1樓,121.516724,25.031706,安心食品服務股份有限公司摩斯漢堡南昌店,1,0,1,0,0,0,0,,,
中正區,連鎖餐飲店,麥當勞台北濟南店,臺北市中正區濟南路二段66號1樓,121.53254,25.040084,台灣麥當勞餐廳股份有限公司台北濟南分公司,2,0,2,0,0,0,0,,,
中正區,連鎖餐飲店,軍人之友社附設餐廳,臺北市中正區長沙街一段20號,121.508594,25.040309,軍人之友社附設餐廳,0,0,0,0,0,0,0,,,
中正區,連鎖餐飲店,陶板屋台北重慶南店,臺北市中正區重慶南路一段58號2樓,121.513108,25.043945,王品餐飲股份有限公司陶板屋重慶南店,1,1,0,0,0,1,0,,,
中正區,連鎖餐飲店,聚北海道昆布鍋衡陽店,臺北市中正區衡陽路7號2樓,121.513895,25.042435,王品餐飲股份有限公司聚北海道昆布鍋衡陽店,2,2,0,0,0,1,0,,,
中正區,連鎖餐飲店,藝奇衡陽店,臺北市中正區衡陽路52號1-2F及地下室,121.512131,25.042238,王品餐飲股份有限公司藝奇衡陽店,3,3,0,0,0,1,0,,,
中正區,連鎖餐飲店,夏慕尼南昌店,臺北市中正區南昌路二段112號2樓,121.522171,25.025836,王品餐飲股份有限公司夏慕尼南昌店,3,3,0,0,0,1,0,,,
中正區,連鎖餐飲店,聚北海道昆布鍋南昌店,臺北市中正區南昌路二段216號2樓,121.524421,25.023947,王品餐飲股份有限公司聚北海道昆布鍋南昌店,2,2,0,0,0,0,0,,,
中正區,連鎖餐飲店,麥當勞台北南昌店,臺北市中正區南昌路一段149號1樓,121.518663,25.029476,台灣麥當勞餐廳股份有限公司台北南昌分公司,1,0,1,0,0,0,0,,,
中正區,連鎖餐飲店,統一星巴克懷寧門市,臺北市中正區懷寧街10號2樓,121.514113,25.046194,統一星巴克股份有限公司懷寧門市,2,0,2,0,0,0,0,,,
中正區,連鎖餐飲店,麥當勞台北館前店,臺北市中正區館前路8號1樓及地下室,121.514889,25.045781,台灣麥當勞餐廳股份有限公司台北館前路分公司,2,0,2,0,0,1,0,,,
中正區,連鎖餐飲店,三商巧福重慶二店,臺北市中正區重慶南路一段11號1樓,121.51342,25.046198,三商行股份有限公司重南二分公司,1,0,1,0,0,0,0,,,
中正區,連鎖餐飲店,麥當勞林森二店,臺北市中正區林森南路1號,121.523382,25.044419,台灣麥當勞餐廳股份有限公司,2,0,2,0,0,1,0,,,
中正區,連鎖餐飲店,麥當勞台北公園店,臺北市中正區公園路30號之1壹樓及30號貳樓之1,121.5169,25.044451,台灣麥當勞餐廳股份有限公司台北公園分公司,3,0,3,0,0,1,0,,,
中正區,連鎖餐飲店,麥當勞台北公館店,臺北市中正區羅斯福路四段76-1號1樓,121.534551,25.014309,台灣麥當勞餐廳股份有限公司台北市公館店,2,0,2,0,0,0,0,,,
中正區,連鎖餐飲店,統一星巴克重慶門市,臺北市中正區重慶南路一段104號,121.513072,25.042508,統一星巴克股份有限公司重慶門市,1,0,1,0,0,0,0,,,
中正區,連鎖餐飲店,頂呱呱公館店,臺北市中正區羅斯福路四段134號,121.535826,25.012993,吟桂股份有限公司頂呱呱公館分公司,1,0,1,0,0,0,0,,,
中正區,連鎖餐飲店,丹堤咖啡延平南店,臺北市中正區中華路二段75巷24號,121.50718,25.033603,丹堤咖啡食品股份有限公司延平南分公司,2,0,2,0,0,0,0,,,
中正區,連鎖餐飲店,拿坡里南昌店,臺北市中正區南昌路一段151號,121.518681,25.029481,拿帕里股份有限公司拿坡里南昌分公司,1,0,1,0,0,0,0,,,
中正區,連鎖餐飲店,統一星巴克南海門市,臺北市中正區南海路20號,121.517029,25.032533,統一星巴克股份有限公司南海門市,1,0,1,0,0,0,0,,,
中正區,連鎖餐飲店,吉野家忠孝東路店,臺北市中正區忠孝東路一段174號,121.526363,25.043907,台灣吉野家股份有限公司忠孝東路分公司,1,0,1,0,0,0,0,,,
中正區,連鎖餐飲店,摩斯漢堡善導寺店,臺北市中正區忠孝東路一段178號,121.526341,25.043945,安心食品服務股份有限公司善導寺分公司,1,0,1,0,0,0,0,,,
中正區,連鎖餐飲店,西堤牛排重慶南分公司,臺北市中正區重慶南路一段121號至129號2樓,121.513329,25.041988,王品餐飲股份有限公司西堤台北重慶南分公司,3,3,0,0,0,1,0,,,
中正區,連鎖餐飲店,摩斯漢堡重慶南路店,臺北市中正區重慶南路一段125號至127號1樓,121.513341,25.042109,安心食品服務股份有限公司重慶南路分公司,1,0,1,0,0,0,0,,,
中正區,連鎖餐飲店,三商巧福延平店,臺北市中正區延平南路187之1號,121.507566,25.03403,三商行股份有限公司延平分公司,1,0,1,0,0,0,0,,,
中正區,連鎖餐飲店,統一星巴克忠新門市,臺北市中正區忠孝東路二段134巷2號,121.531811,25.042022,統一星巴克股份有限公司忠新門市,1,0,1,0,0,0,0,,,
中正區,連鎖餐飲店,統一星巴克杭州門市,臺北市中正區信義路二段1之1號,121.524557,25.03564,統一星巴克股份有限公司杭州門市,1,0,1,0,0,0,0,,,
中正區,連鎖餐飲店,摩斯漢堡忠孝二店,臺北市中正區忠孝東路二段132號1樓,121.531803,25.042442,安心食品服務股份有限公司摩斯漢堡忠孝2分公司,1,0,1,0,0,0,0,,,
中正區,綜合零售賣場,統一超商臺北市開博門市,臺北市中正區開封街一段40號42號1樓,121.512264,25.045899,統一超商股份有限公司臺北市開博門市,1,0,1,0,0,0,0,,,
中正區,綜合零售賣場,統一超商臺北市鑫衡陽門市,臺北市中正區衡陽路6號1樓,121.513777,25.042208,統一超商股份有限公司臺北市鑫衡陽門市,1,0,1,0,0,0,0,,,
中正區,綜合零售賣場,統一超商臺北市博源門市,臺北市中正區思源街16號,121.532664,25.013577,統一超商股份有限公司臺北市博源門市,0,0,0,0,0,0,0,,,
中正區,綜合零售賣場,統一超商臺北市紹興門市,臺北市中正區紹興北街37號1樓,121.525559,25.045466,統一超商股份有限公司臺北市紹興門市,1,0,1,0,0,0,0,,,
中正區,綜合零售賣場,統一超商臺北市華山門市,臺北市中正區忠孝東路一段138號,121.525618,25.044106,統一超商股份有限公司臺北市華山門市,1,0,1,0,0,0,0,,,
中正區,綜合零售賣場,統一超商臺北市忠聯門市,臺北市中正區忠孝東路二段100號1樓,121.530537,25.042845,統一超商股份有限公司臺北市忠聯門市,1,0,1,0,0,0,0,,,
中正區,綜合零售賣場,萊爾富便利商店北市正忠店,臺北市中正區忠孝東路一段35號一樓,121.525558,25.044509,萊爾富國際股份有限公司臺北市正忠店,1,0,1,0,0,0,0,,,
中正區,綜合零售賣場,新光三越台北站前店,臺北市中正區忠孝西路一段66號,121.515241,25.046139,新光三越百貨股份有限公司,37,34,0,0,0,9,1,,,
中正區,綜合零售賣場,統一超商臺北市牯嶺門市,臺北市中正區廈門街99巷19-2號1樓,121.518814,25.02397,統一超商股份有限公司臺北市牯嶺門市,1,0,1,0,0,0,0,,,
中正區,綜合零售賣場,三創生活園區,臺北市中正區市民大道三段2號,121.531431,25.045728,三創生活園區,20,20,0,0,0,3,3,,,
中正區,綜合零售賣場,禮客公館店,臺北市中正區思源街16號1F,121.530792,25.014283,管家婆科技股份有限公司禮客公館店,2,2,0,0,0,0,0,,,
中正區,綜合零售賣場,樂家康台北濟南店,臺北市中正區濟南路二段46號B1,121.530999,25.040242,康達盛通股份有限公司台北濟南分公司,1,0,1,0,0,0,0,,,
中正區,綜合零售賣場,統一超商臺北市汀州門市,臺北市中正區汀州路一段129號,121.509561,25.02801,統一超商股份有限公司,1,0,1,0,0,0,0,,,
中正區,綜合零售賣場,統一超商臺北市中樂門市,臺北市中正區延平南路47號,121.510509,25.044976,統一超商股份有限公司,1,0,1,0,0,0,0,,,
中正區,綜合零售賣場,統一超商臺北市大永博門市,臺北市中正區博愛路97號,121.511606,25.043032,統一超商股份有限公司,1,0,1,0,0,0,0,,,
中正區,綜合零售賣場,統一超商臺北市新文華門市,臺北市中正區廈門街77號,121.517503,25.024727,統一超商股份有限公司,1,0,1,0,0,0,0,,,
中正區,綜合零售賣場,臺北地下街(Y),臺北市中正區市民大道100號地下街,121.517555,25.048471,保證責任臺北市臺北地下街場地利用合作社,18,18,0,0,0,0,0,,,
中正區,綜合零售賣場,站前地下街,臺北市中正區忠孝西路一段50-1號,121.515583,25.046575,臺北車站站前地下街,4,0,4,0,0,0,0,,,
中正區,綜合零售賣場,東森地下街,臺北市中正區忠孝西路一段47號B1,121.517177,25.046753,東森得易購股份有限公司 K區東森廣場營業所,9,3,6,0,0,0,1,,,
中正區,綜合零售賣場,光華數位新天地(署),臺北市中正區市民大道三段8號,121.532285,25.045399,漢延建設股份有限公司,28,28,0,0,0,6,0,,,
中正區,綜合零售賣場,微風臺北車站,臺北市中正區北平西路3號2F,121.517823,25.047989,微風台北車站,12,5,6,0,1,2,1,,,
中正區,綜合零售賣場,統一超商臺北市仁金門市,臺北市中正區仁愛路二段39號39-1號,121.528948,25.038452,統一超商股份有限公司臺北市仁金門市,1,0,1,0,0,0,0,,,
中正區,綜合零售賣場,統一超商臺北市臨沂門市,臺北市中正區臨沂街74號76號,121.527801,25.034531,統一超商股份有限公司臺北市臨沂門市,1,0,1,0,0,0,0,,,
中正區,綜合零售賣場,統一超商臺北市鑫大孝門市,臺北市中正區重慶南路一段1-1號一樓,121.513355,25.047041,統一超商股份有限公司臺北市鑫大孝門市,1,0,1,0,0,0,0,,,
中正區,機關,國稅局中正分局,臺北市中正區羅斯福路一段8號3樓,121.518057,25.032708,財政部臺北國稅局中正分局,3,3,0,0,0,1,0,,,
中正區,機關,行政院,臺北市中正區忠孝東路一段1號,121.527929,25.055201,行政院,11,11,0,0,0,2,1,,,
中正區,機關,總統府,臺北市中正區重慶南路一段122號,121.512537,25.039914,總統府,7,7,0,0,0,1,0,,,
中正區,機關,臺北市NGO非政府組織會館,臺北市中正區青島東路8號,121.522159,25.043867,民政局宗教禮俗科,2,0,2,0,0,1,0,,,
中正區,機關,王貫英紀念圖書館,臺北市中正區汀州路二段265號,121.523818,25.022638,王貫英紀念圖書館,7,7,0,0,0,1,0,,,
中正區,機關,臺北市立圖書館城中分館,臺北市中正區濟南路二段46號3樓,121.530902,25.040316,臺北市立圖書館城中分館,3,0,3,0,0,1,1,,,
中正區,機關,中正區公所,臺北市中正區羅斯福路1段8號6、7樓,121.517992,25.032626,臺北市中正區公所,6,6,0,0,0,2,0,照護床,1樓,
中正區,機關,臺北市交通事件裁決所,臺北市中正區羅斯福路四段92號7樓、8樓,121.535005,25.013743,臺北市交通事件裁決所,6,6,0,0,0,0,0,,,
中正區,機關,臺北市稅捐稽徵總處,臺北市中正區羅斯福路一段8號,121.518014,25.032656,臺北市稅捐稽徵處,6,6,0,0,0,0,1,,,
中正區,機關,中山堂,臺北市中正區延平南路98號,121.510036,25.043204,臺北市中山堂管理所,9,9,0,0,0,1,1,照護床,"1樓大廳,2樓光復廳前秀山門側",
中正區,機關,國家圖書館,臺北市中正區中山南路20號,121.519033,25.036731,國家圖書館,18,18,0,0,0,0,0,,,
中正區,機關,中正區健康服務中心,臺北市中正區羅斯福路1段8號4樓,121.518001,25.032509,臺北市政府衛生局,3,0,0,0,0,1,0,,,
中正區,機關,中正第一分局,臺北市中正區公園路15號,121.51737,25.045382,臺北市政府警察局中正第一分局,2,0,2,0,0,0,0,,,
中正區,機關,仁愛路派出所,臺北市中正區仁愛路一段19號,121.522197,25.03892,臺北市政府警察局仁愛路派出所,1,0,1,0,0,0,0,,,
中正區,機關,介壽路派出所,臺北市中正區公園路54號,121.515502,25.039997,臺北市政府警察局介壽路派出所,1,0,1,0,0,0,0,,,
中正區,機關,忠孝東路派出所,臺北市中正區忠孝東路二段10號,121.527132,25.043677,臺北市政府警察局忠孝東路派出所,1,0,1,0,0,0,0,,,
中正區,機關,中正第二分局,臺北市中正區南海路35號,121.514015,25.031991,臺北市政府警察局中正第二分局,2,0,2,0,0,0,0,,,
中正區,機關,南昌路派出所,臺北市中正區南昌路一段7號,121.516548,25.032318,臺北市政府警察局南昌路派出所,1,0,1,0,0,0,0,,,
中正區,機關,思源街派出所,臺北市中正區汀州路三段72號,121.532064,25.015157,臺北市政府警察局思源街派出所,1,0,1,0,0,0,0,,,
中正區,機關,泉州街派出所,臺北市中正區中華路二段503號,121.512053,25.024173,臺北市政府警察局中正第二分局泉州街派出所,1,0,1,0,0,0,0,,,
中正區,機關,廈門街派出所,臺北市中正區廈門街43號,121.517341,25.024177,臺北市政府警察局廈門街派出所,1,0,1,0,0,0,0,,,
中正區,機關,臺北市政府警察局,臺北市中正區延平南路96號,121.509795,25.043907,臺北市政府警察局,2,2,0,0,0,0,0,,,
中正區,機關,環境部,臺北市中正區中華路一段83號,121.507644,25.038515,環境部,27,27,0,0,0,5,0,,,
中正區,機關,臺北市稅捐稽徵處中正分處,臺北市中正區羅斯福路一段8號,121.518272,25.032265,臺北市稅捐稽徵處中正分處,3,3,0,0,0,1,0,,,
中正區,機關,中正區戶政事務所,臺北市中正區羅斯福路1段8號5樓,121.518099,25.032747,臺北市中正區戶政事務所,3,3,0,0,0,1,0,,,
中正區,機關,臺灣臺北地方法院,臺北市中正區博愛路131號,121.511122,25.036794,司法新廈管理委員會臺灣臺北地方法院,16,16,0,0,0,4,2,,,
中正區,機關,內政部移民署,臺北市中正區廣州街15號,121.507934,25.035826,內政部移民署,6,6,0,0,0,2,0,,,
中正區,機關,外交部領事事務局,臺北市中正區濟南路一段2-2號中央聯合辦公大樓3-5樓,121.520097,25.042513,外交部領事事務局,2,0,2,0,0,0,0,,,
中正區,機關,中正11號,臺北市中正區和平西路二段52巷7弄12號旁,121.512362,25.028084,臺北市政府環境保護局,1,0,1,0,0,0,0,,,
中正區,機關,中正12號,臺北市中正區晉江街34號長慶廟旁,121.521855,25.025057,臺北市政府環境保護局,1,0,1,0,0,0,0,,,
中正區,機關,中正13號,臺北市中正區廣州街4巷5弄底,121.50963,25.033983,臺北市政府環境保護局,1,0,1,0,0,0,0,,,
中正區,機關,中正4號,臺北市中正區中華路二段467巷46號旁,121.511004,25.026034,臺北市政府環境保護局,1,0,1,0,0,0,0,,,
中正區,機關,中正6號,臺北市中正區廈門街123巷69之3號旁,121.519713,25.023023,臺北市政府環境保護局,1,0,1,0,0,0,0,,,
中正區,機關,中正7號,臺北市中正區寧波西街173號旁,121.510811,25.026826,臺北市政府環境保護局,1,0,1,0,0,0,0,,,
中正區,醫院,臺大醫院　　　,臺北市中正區常德街1號,121.517181,25.041417,國立臺灣大學醫學院附設醫院,101,101,0,0,0,21,15,,,
中正區,醫院,三軍總醫院汀州院區　　,臺北市中正區汀州路三段40號,121.529829,25.016476,三軍總醫院汀州院區,25,25,0,0,0,5,1,,,
中正區,醫院,聯合醫院和平婦幼院區(和平),臺北市中正區廣州街14號,121.506879,25.035528,臺北市立聯合醫院和平婦幼院區(和平),18,18,0,0,0,2,5,照護床,A2近放射科,
中正區,醫院,郵政醫院,臺北市中正區福州街14號,121.518814,25.028584,郵政總局郵政醫院,3,0,3,0,0,1,0,,,
中正區,醫院,聯合醫院和平婦幼院區(婦幼),臺北市中正區福州街12號,121.519277,25.029086,臺北市立聯合醫院和平婦幼院區(婦幼),10,10,0,0,0,0,2,照護床,第一醫療大樓1樓,
中正區,觀光遊憩,中正紀念堂,臺北市中正區中山南路21號,121.521933,25.03473,國立中正紀念堂管理處,24,24,0,0,0,6,0,照護床,大孝門方向,
中正區,觀光遊憩,自來水園區(署),臺北市中正區思源街1號,121.530253,25.013286,自來水園區,11,8,3,0,0,2,1,,,
中正區,觀光遊憩,台北植物園,臺北市中正區南海路53號,121.510192,25.031212,行政院農委會林業實驗所,9,9,0,0,0,3,0,,,
中正區,觀光遊憩,寶藏巖國際藝術村,臺北市中正區汀州路三段230巷37弄4-8號,121.5325,25.0109,財團法人台北市文化基金會藝術村營運部,8,2,6,0,0,0,1,,,
中正區,觀光遊憩,臺北市客家文化主題公園(署),臺北市中正區汀州路三段2號,121.5253,25.0203,臺北市客家事務委員會,24,22,2,0,0,7,1,,,
內湖區,公園,大湖公園,臺北市內湖區成功路五段31號,121.603208,25.080578,公園路燈工程管理處圓山公園管理所,3,3,0,0,0,1,1,,,
內湖區,公園,碧湖公園,臺北市內湖區內湖路二段175號,121.582905,25.08236,公園路燈工程管理處圓山公園管理所,7,6,1,0,0,2,0,照護床,碧湖公園公廁,
內湖區,公園,大港墘公園,臺北市內湖區瑞光路393號,121.573728,25.077995,工務局公園路燈管理處花卉試驗中心,3,3,0,0,0,1,0,,,
內湖區,公園,石潭公園,臺北市內湖區成功路二段東側,121.591727,25.063525,工務局公園路燈管理處花卉試驗中心,5,5,0,0,0,1,0,,,
內湖區,公園,潭美公園,臺北市內湖區南京東路六段280號對面,121.582876,25.057549,花卉試驗中心,2,2,0,0,0,0,0,,,
內湖區,公園,週美綠地公園,臺北市內湖區南京東路6段192號對面,121.580249,25.056134,園藝工程隊(東區分隊),1,0,0,1,0,0,0,,,
內湖區,公園,煙波庭公園,臺北市內湖區大湖街131巷18弄6號旁,121.599277,25.086425,臺北市內湖區公所,1,0,1,0,0,0,0,,,
內湖區,公園,文心公園,臺北市內湖區新湖二路347號對面,121.584251,25.065537,臺北市內湖區公所,1,0,0,1,0,0,0,,,
內湖區,公園,內湖運動公園,臺北市內湖區舊宗路二段2號,121.573383,25.068117,內湖運動公園,0,0,0,0,0,0,0,,,
內湖區,公園,葫蘆州運動公園,臺北市內湖區安康路 290號,121.604093,25.062773,葫蘆洲運動公園,2,0,2,0,0,0,0,,,
內湖區,文化育樂場所,臺北市網球中心,臺北市內湖區民權東路六段208號,121.596695,25.067637,臺北市政府體育局,7,0,7,0,0,0,1,,,
內湖區,文化育樂場所,內湖運動中心,臺北市內湖區洲子街12號,121.575154,25.078233,內湖運動中心,14,14,0,0,0,4,0,,,
內湖區,加油站,康寧加油站,臺北市內湖區康寧路三段30號,121.608274,25.072036,康寧加油站股份有限公司,1,0,1,0,0,1,0,,,
內湖區,加油站,中油西湖加油站,臺北市內湖區內湖路一段59號,121.559845,25.085012,臺灣中油股份有限公司西湖站,3,3,0,0,0,1,0,,,
內湖區,加油站,中油內湖加油站,臺北市內湖區民權東路六段50號,121.584264,25.068349,臺灣中油股份有限公司內湖站,3,3,0,0,0,1,0,,,
內湖區,加油站,中油東湖加油站,臺北市內湖區康寧路三段225號,121.611976,25.067484,臺灣中油股份有限公司東湖站,3,3,0,0,0,1,0,,,
內湖區,加油站,紫陽加油站,臺北市內湖區文德路206號,121.583472,25.078329,紫陽加油站股份有限公司,1,0,1,0,0,0,0,,,
內湖區,加油站,中油內湖麗山街加油站,臺北市內湖區內湖路一段362號,121.571036,25.081317,臺灣中油股份有限公司內湖麗山街站,3,3,0,0,0,1,0,,,
內湖區,加油站,麗馳堤頂加油站,臺北市內湖區舊宗路二段133號,121.574965,25.069954,麗馳加油站股份有限公司,1,0,1,0,0,0,0,,,
內湖區,加油站,統一精工內湖一站加油站,臺北市內湖區新明路92號,121.589579,25.059833,統一精工股份有限公司,2,0,2,0,0,0,0,,,
內湖區,加油站,中油新明路加油站,臺北市內湖區新明路305號,121.584972,25.056866,中油新明路站,1,0,1,0,0,0,0,,,
內湖區,加油站,台亞堤頂交流道加油站,臺北市內湖區舊宗路二段111號,121.574954,25.069128,台亞石油股份有限公司,1,0,1,0,0,1,0,,,
內湖區,加油站,中油安康加油站,臺北市內湖區安康路284號,121.606497,25.064183,臺灣中油股份有限公司安康加油站,2,2,0,0,0,0,0,,,
內湖區,加油站,全國加油站港墘路加油站,臺北市內湖區港墘路250號,121.572653,25.075005,全國加油站股份有限公司,1,0,1,0,0,1,0,,,
內湖區,加油站,東易加油站,臺北市內湖區提頂大道二段191號,121.568581,25.078029,東易加油站股份有限公司,1,0,1,0,0,0,0,,,
內湖區,加油站,全國文德加油站,臺北市內湖區民權東路六段10號,121.575651,25.065843,全國加油站股份有限公司,1,0,1,0,0,1,0,,,
內湖區,加油站,全國民權加油站,臺北市內湖區民權東路六段20號,121.578376,25.06663,全國加油站股份有限公司,1,0,1,0,0,0,0,,,
內湖區,市場,公有西湖市場(署),臺北市內湖區內湖路一段285號,121.566604,25.082296,臺北市市場處公有西湖市場,4,0,4,0,0,0,0,,,
內湖區,市場,臺北花卉批發市場(署),臺北市內湖區新湖三路28號至36號,121.573989,25.063684,臺北市花卉產銷股份有限公司臺北花卉批發市場,18,0,18,0,0,4,0,,,
內湖區,市場,麗山臨時集中攤販市場(署友),臺北市內湖區內湖路一段737巷50弄6號,121.578887,25.080394,臺北市市場處麗山臨時集中攤販市場,1,0,0,1,0,0,0,,,
內湖區,交通,西湖公園地下停車場,臺北市內湖區內湖路一段387巷38號B1,121.570252,25.08292,西湖公園地下停車場,3,0,3,0,0,1,0,,,
內湖區,交通,西康地下停車場,臺北市內湖區內湖路一段203巷25號B1,121.563698,25.084768,西康地下停車場,3,0,3,0,0,1,0,,,
內湖區,交通,大港墘公園地下停車場,臺北市內湖區洲子街18號,121.574473,25.07851,正好停企業有限公司,3,3,0,0,0,1,0,,,
內湖區,交通,東湖立體停車場,臺北市內湖區東湖路3號,121.612407,25.06952,正好停股份有限公司東湖立體停車場,6,6,0,0,0,2,0,,,
內湖區,交通,東湖國小地下停車場,臺北市內湖區東湖路115號東湖國小地下,121.616082,25.069218,臺北市停車管理工程處東湖國小地下停車場,3,3,0,0,0,1,0,,,
內湖區,交通,麗湖國小地下停車場,臺北市內湖區金湖路363巷8號,121.601146,25.072992,臺北市停車管理工程處麗湖國小地下停車場,3,3,0,0,0,1,0,,,
內湖區,交通,特力屋內湖停車場,臺北市內湖區新湖三路23號3樓,121.574169,25.06203,特力屋內湖停車場大樓管理單位,4,4,0,0,0,0,0,,,
內湖區,交通,港富立體停車場,臺北市內湖區內湖路737巷50弄32號,121.577899,25.080532,臺北市停車管理工程處港富立體停車場,3,0,3,0,0,1,1,,,
內湖區,交通,捷運東湖站(文湖線),臺北市內湖區康寧路三段235號,121.611718,25.067126,捷運東湖站,3,3,0,0,0,0,1,,,
內湖區,交通,捷運葫洲站(文湖線),臺北市內湖區康寧路三段16號,121.607389,25.072483,捷運葫洲站,5,5,0,0,0,0,1,,,
內湖區,交通,捷運大湖公園站(文湖線),臺北市內湖區成功路五段11號,121.602658,25.083351,捷運大湖公園站,3,3,0,0,0,0,1,,,
內湖區,交通,捷運內湖站(文湖線),臺北市內湖區成功路四段186號,121.594258,25.0839,捷運內湖站,3,3,0,0,0,0,1,,,
內湖區,交通,捷運文德站(文湖線),臺北市內湖區文德路214號,121.585527,25.078436,捷運文德站,3,3,0,0,0,0,1,,,
內湖區,交通,捷運港墘站(文湖線),臺北市內湖區內湖路一段663號,121.575481,25.080073,捷運港墘站,3,3,0,0,0,0,1,,,
內湖區,交通,捷運西湖站(文湖線),臺北市內湖區內湖路一段256號,121.567597,25.081906,捷運西湖站,3,3,0,0,0,0,1,,,
內湖區,交通,洲子立體停車場,臺北市內湖區瑞光路513巷22弄2號,121.569396,25.079561,臺北市停車管理工程處洲子立體停車場,6,6,0,0,0,2,0,,,
內湖區,交通,大湖公園地下停車場,臺北市內湖區成功路五段7號,121.601904,25.083825,臺北市停車管理工程處大湖公園地下停車場,3,0,3,0,0,1,0,,,
內湖區,交通,康樂立體停車場,臺北市內湖區康樂街138號,121.619142,25.072277,臺北市停車管理工程處康樂立體停車場,2,0,2,0,0,0,0,,,
內湖區,交通,湖興立體停車場,臺北市內湖區成功路二段322號,121.590556,25.068258,臺北市停車管理工程處湖興立體停車場,3,0,3,0,0,1,0,,,
內湖區,交通,內湖安康公園平面停車場,臺北市內湖區五分街12號,121.613285,25.066644,臺北市停車管理工程處內湖安康公園平面停車場,1,0,1,0,0,0,0,,,
內湖區,宗教,開漳聖王廟　　　　　,臺北市內湖區碧山路24號,121.58742,25.097149,碧山巖開漳聖山廟,1,0,1,0,0,0,0,,,
內湖區,宗教,金龍寺　　　　,臺北市內湖區內湖路三段256巷2號(213巷入),121.586376,25.091683,金龍禪寺,1,0,1,0,0,0,0,,,
內湖區,連鎖餐飲店,麥當勞台北舊宗店,臺北市內湖區舊宗路一段135號,121.579278,25.060648,麥當勞內湖舊宗店,3,0,3,0,0,1,0,,,
內湖區,連鎖餐飲店,爭鮮迴轉壽司康寧店,臺北市內湖區康寧路三段18號1樓,121.607323,25.07248,爭鮮股份有限公司康寧分公司,1,1,0,0,0,0,0,,,
內湖區,連鎖餐飲店,麥當勞台北西湖店,臺北市內湖區內湖路一段283號,121.566038,25.082451,台灣麥當勞餐廳股份有限公司台北西湖分公司,1,0,1,0,0,0,0,,,
內湖區,連鎖餐飲店,摩斯漢堡內湖港墘店,臺北市內湖區內湖路一段637號,121.57475,25.08041,安心食品服務股份有限公司內湖港墘分公司,1,0,1,0,0,0,0,,,
內湖區,連鎖餐飲店,洲子美食街,臺北市內湖區瑞光路517號1F,121.568935,25.079283,麗陽美食生活館有限公司,3,0,3,0,0,1,0,,,
內湖區,連鎖餐飲店,肯德基內湖店,臺北市內湖區內湖路一段230號,121.565008,25.082431,怡和餐飲股份有限公司台北內湖分公司,3,0,3,0,0,1,0,,,
內湖區,連鎖餐飲店,頂呱呱瑞光店,臺北市內湖區瑞光路283號1F,121.576767,25.075551,吟桂股份有限公司瑞光分公司,1,0,1,0,0,0,0,,,
內湖區,連鎖餐飲店,摩斯漢堡亞太店,臺北市內湖區瑞湖街80號,121.575952,25.072578,安心食品服務股份有限公司內湖亞太分公司,1,0,1,0,0,0,0,,,
內湖區,連鎖餐飲店,統一星巴克港墘門市,臺北市內湖區瑞光路216號1F,121.57593,25.075415,統一星巴克股份有限公司港墘門市,1,1,0,0,0,0,0,,,
內湖區,連鎖餐飲店,統一星巴克基湖門市,臺北市內湖區基湖路25號,121.565071,25.080392,統一星巴克股份有限公司基湖門市,1,1,0,0,0,0,0,,,
內湖區,連鎖餐飲店,統一星巴克內湖民權門市,臺北市內湖區民權東路六段182號,121.592899,25.068555,統一星巴克股份有限公司內湖民權門市,1,1,0,0,0,0,0,,,
內湖區,連鎖餐飲店,麥當勞台北內湖店,臺北市內湖區內湖路一段741號,121.578408,25.078982,台灣麥當勞餐廳股份有限公司台北內湖一分公司,2,0,2,0,0,0,0,,,
內湖區,連鎖餐飲店,摩斯漢堡內湖文德店,臺北市內湖區文德路212號,121.584127,25.07833,安心食品服務股份有限公司內湖文德分公司,1,0,1,0,0,0,0,,,
內湖區,連鎖餐飲店,拿坡里內湖店,臺北市內湖區成功路三段141號,121.589963,25.079652,拿帕里股份有限公司內湖分公司,1,0,1,0,0,0,0,,,
內湖區,連鎖餐飲店,三商巧福內湖門市,臺北市內湖區成功路三段175號,121.590586,25.08006,三商行股份有限公司內湖分公司,0,0,0,0,0,0,0,,,
內湖區,連鎖餐飲店,統一星巴克康寧門市,臺北市內湖區康寧路三段72號,121.611335,25.070265,統一星巴克股份有限公司康寧門市,1,1,0,0,0,0,0,,,
內湖區,連鎖餐飲店,漢堡王成功店,臺北市內湖區成功路四段178號,121.59379,25.083715,家城股份有限公司成功分公司,1,0,1,0,0,0,0,,,
內湖區,連鎖餐飲店,摩斯漢堡東湖店,臺北市內湖區東湖路110號,121.615648,25.068282,安心食品服務股份有限公司東湖分公司,1,0,1,0,0,0,0,,,
內湖區,綜合零售賣場,統一超商臺北市金碧門市,臺北市內湖區金龍路219號1樓,121.587246,25.088143,統一超商股份有限公司臺北市金碧門市,1,0,1,0,0,0,0,,,
內湖區,綜合零售賣場,統一超商臺北市金龍門市,臺北市內湖區內湖路二段407號409號1樓,121.593309,25.084528,統一超商股份有限公司臺北市金龍門市,1,0,1,0,0,0,0,,,
內湖區,綜合零售賣場,全家便利商店臺北市內華店,臺北市內湖區民權東路六段162號,121.591749,25.068459,全家便利商店股份有限公司臺北市內華店,1,0,1,0,0,0,0,,,
內湖區,綜合零售賣場,萊爾富便利商店北市國醫店,臺北市內湖區民權東路六段123巷32號,121.592863,25.070381,萊爾富國際股份有限公司臺北市國醫店,1,0,1,0,0,0,0,,,
內湖區,綜合零售賣場,統一超商臺北市名寶門市,臺北市內湖區民權東路六段180巷17號19號,121.592891,25.068272,統一超商股份有限公司臺北市名寶門市,1,0,1,0,0,0,0,,,
內湖區,綜合零售賣場,統一超商臺北市康寧門市,臺北市內湖區康寧路三段26巷1號,121.607934,25.072185,統一超商股份有限公司臺北市康寧門市,1,0,1,0,0,0,0,,,
內湖區,綜合零售賣場,統一超商臺北市瓏山林門市,臺北市內湖區康樂街125巷2號,121.61953,25.073387,統一超商股份有限公司臺北市瓏山林門市,1,0,1,0,0,0,0,,,
內湖區,綜合零售賣場,統一超商臺北市瓏馬門市,臺北市內湖區康樂街213號,121.621678,25.076224,統一超商股份有限公司臺北市瓏馬店,1,0,1,0,0,0,0,,,
內湖區,綜合零售賣場,統一超商臺北市晏揚門市,臺北市內湖區康寧路三段99巷14號,121.610662,25.072728,統一超商股份有限公司臺北市晏揚門市,1,0,1,0,0,0,0,,,
內湖區,綜合零售賣場,好市多購物中心(內湖店),臺北市內湖區舊宗路一段268號,121.575994,25.064152,好市多購物中心內湖店,10,10,0,0,0,1,1,,,
內湖區,綜合零售賣場,大全聯內湖店,臺北市內湖區舊宗路一段188號,121.575245,25.062596,全聯實業股份有限公司,19,0,19,0,0,5,2,,,
內湖區,綜合零售賣場,特力屋內湖購物中心,臺北市內湖區新湖三路23號,121.574169,25.06203,特力屋股份有限公司,3,3,0,0,0,1,0,,,
內湖區,綜合零售賣場,禮客時尚館百貨,臺北市內湖區民善街205號,121.574414,25.064075,禮客食尚館百貨,0,0,0,0,0,0,0,,,
內湖區,綜合零售賣場,悅家居百貨,臺北市內湖區舊宗路一段150巷25號,121.576436,25.062212,悅家居百貨,2,0,2,0,0,0,0,,,
內湖區,綜合零售賣場,迪卡儂內湖店,臺北市內湖區新湖一路128巷36號,121.576702,25.060009,台灣迪卡儂有限公司內湖營業所,2,2,0,0,0,0,0,,,
內湖區,綜合零售賣場,樂家康台北內湖1店,臺北市內湖區內湖路一段155號,121.562834,25.08383,統康生活事業股份有限公司台北內湖一分公司,1,0,1,0,0,0,0,,,
內湖區,綜合零售賣場,樂家康內湖江南店,臺北市內湖區江南街55號,121.577939,25.077572,統康生活事業股份有限公司內湖江南分公司,1,0,1,0,0,0,0,,,
內湖區,綜合零售賣場,樂家康內湖成功店,臺北市內湖區成功路三段174巷8號B1,121.590559,25.080933,統康生活事業股份有限公司內湖成功分公司,1,0,1,0,0,0,0,,,
內湖區,綜合零售賣場,樂家康內湖東湖店,臺北市內湖區東湖路69號B1,121.614922,25.068696,統康生活事業股份有限公司內湖東湖分公司,1,0,1,0,0,0,0,,,
內湖區,綜合零售賣場,萬家福內湖店,臺北市內湖區民善街88號,121.575214,25.06043,康達盛通生活事業股份有限公司台北內湖分公司,19,2,17,0,0,3,2,,,
內湖區,綜合零售賣場,CITYLINK內湖店,臺北市內湖區成功路四段188號,121.594547,25.084081,潤泰創新國際股份有限公司CITYLINK內湖店,6,6,0,0,0,2,0,,,
內湖區,綜合零售賣場,萊爾富便利商店北市麥帥店,臺北市內湖區行善路33及31號,121.576048,25.056608,萊爾富國際股份有限公司臺北市麥帥店,1,0,1,0,0,0,0,,,
內湖區,綜合零售賣場,萊爾富便利商店北市新明店,臺北市內湖區新明路241、241-1號,121.587383,25.057912,萊爾富國際股份有限公司臺北市新明店,1,0,1,0,0,0,0,,,
內湖區,綜合零售賣場,統一超商臺北市華經門市,臺北市內湖區行忠路30號,121.577601,25.065267,統一超商股份有限公司臺北市華經門市,1,0,1,0,0,0,0,,,
內湖區,綜合零售賣場,統一超商臺北市金湖門市,臺北市內湖區文湖街83號,121.564118,25.086508,統一超商股份有限公司臺北市金湖門市,1,0,1,0,0,0,0,,,
內湖區,綜合零售賣場,統一超商臺北市環金門市,臺北市內湖區環山路二段125號,121.576451,25.084136,統一超商股份有限公司臺北市環金門市,1,0,1,0,0,0,0,,,
內湖區,綜合零售賣場,CASA精品百貨內湖店,臺北市內湖區新湖三路23號2樓,121.574169,25.06203,CASA精品百貨內湖店,6,6,0,0,0,2,0,,,
內湖區,綜合零售賣場,特力和樂內湖店,臺北市內湖區新湖三路23號1樓,121.574169,25.06203,特力和樂內湖店,3,3,0,0,0,1,0,,,
內湖區,綜合零售賣場,統一超商臺北市大眾門市,臺北市內湖區港墘路221巷41號1樓,121.575066,25.073247,統一超商股份有限公司臺北市大眾門市,1,0,1,0,0,0,0,,,
內湖區,綜合零售賣場,統一超商臺北市見晴門市,臺北市內湖區瑞光路196號,121.576948,25.074982,統一超商股份有限公司臺北市見晴門市,1,0,1,0,0,0,0,,,
內湖區,綜合零售賣場,統一超商臺北市日內瓦門市,臺北市內湖區瑞光路76巷59號1樓,121.580303,25.070196,統一超商股份有限公司臺北市日內瓦門市,1,0,1,0,0,0,0,,,
內湖區,機關,內湖區公所,臺北市內湖區民權東路六段99號4F,121.588898,25.069374,臺北市內湖區公所,9,0,9,0,0,0,0,,,
內湖區,機關,臺北市立圖書館西湖分館,臺北市內湖區內湖路一段594號,121.577459,25.078962,臺北市立圖書館西湖分館,7,0,7,0,0,1,0,,,
內湖區,機關,臺北市立圖書館東湖分館,臺北市內湖區五分街6號,121.61261,25.067415,臺北市立圖書館東湖分館,5,0,5,0,0,2,1,,,
內湖區,機關,內湖區健康服務中心,臺北市內湖區民權東路六段99號1F,121.588898,25.069374,臺北市內湖區健康服務中心,1,0,1,0,0,1,0,,,
內湖區,機關,臺北市稅捐稽徵處內湖分處,臺北市內湖區民權東路六段99號2F,121.588898,25.069374,臺北市稅捐稽徵處內湖分處,2,0,2,0,0,0,0,,,
內湖區,機關,內湖區戶政事務所,臺北市內湖區民權東路六段99號3F,121.588898,25.069374,臺北市內湖區戶政事務所,2,0,2,0,0,0,0,,,
內湖區,機關,臺北市立圖書館內湖分館,臺北市內湖區民權東路六段99號6F,121.588898,25.069374,臺北市立圖書館內湖分館,2,0,2,0,0,0,0,,,
內湖區,機關,內湖就業服務站,臺北市內湖區民權東路六段99號7F,121.588898,25.069374,臺北市就業服務處內湖就業服務站,2,0,2,0,0,0,0,,,
內湖區,機關,內湖社福中心,臺北市內湖區星雲路161巷3號,121.596272,25.081264,內湖社福中心,2,0,2,0,0,1,0,,,
內湖區,機關,內湖分局,臺北市內湖區民權東路六段101號,121.589341,25.069285,臺北市政府警察局內湖分局,3,3,0,0,0,0,0,,,
內湖區,機關,大湖派出所,臺北市內湖區成功路五段1號,121.601374,25.084116,臺北市政府警察局大湖派出所,1,0,1,0,0,0,0,,,
內湖區,機關,內湖派出所,臺北市內湖區內湖路二段261號,121.59011,25.082099,臺北市政府警察局內湖派出所,1,1,0,0,0,0,0,,,
內湖區,機關,文德派出所,臺北市內湖區民權東路六段26號,121.579109,25.066663,臺北市政府警察局文德派出所,1,0,1,0,0,0,1,,,
內湖區,機關,港墘派出所,臺北市內湖區內湖路一段550號,121.577192,25.079001,臺北市政府警察局港墘派出所,1,0,1,0,0,0,0,,,
內湖區,機關,東湖派出所,臺北市內湖區五分街10號,121.612998,25.06741,臺北市政府警察局東湖派出所,1,0,1,0,0,0,0,,,
內湖區,機關,康寧派出所,臺北市內湖區金湖路83號,121.597873,25.08079,臺北市政府警察局康寧派出所,1,0,1,0,0,0,0,,,
內湖區,機關,康樂派出所,臺北市內湖區康樂街110巷16弄20號,121.618416,25.070606,臺北市政府警察局康樂派出所,1,0,1,0,0,0,0,,,
內湖區,機關,潭美派出所,臺北市內湖區新明路324號,121.581562,25.055355,臺北市政府警察局潭美派出所,1,0,1,0,0,0,0,,,
內湖區,機關,西湖派出所,臺北市內湖區瑞光路515號,121.569135,25.079185,臺北市政府警察局西湖派出所,1,0,1,0,0,0,0,,,
內湖區,機關,防災科學教育館,臺北市內湖區成功路二段376號,121.5904,25.0695,臺北市政府消防局防災科學教育館,0,0,0,0,0,0,0,,,
內湖區,機關,臺北市立圖書館西中分館,臺北市內湖區內湖路一段285巷66號1-2樓,121.566588,25.084846,臺北市立圖書館西中分館,3,3,0,0,0,1,0,,,
內湖區,機關,內湖12號,臺北市內湖區成功路三段174巷33弄16號旁湖光市場內,121.590851,25.081707,臺北市政府環境保護局,1,0,0,1,0,0,0,,,
內湖區,機關,內湖公園1號,臺北市內湖區成功路五段大湖公園康寧托兒所旁,121.606483,25.078151,臺北市政府環境保護局,1,0,0,1,0,0,0,照護床,東側,
內湖區,機關,內湖16號,臺北市內湖區碧山路24號(碧山巖停車場),121.58787,25.098133,臺北市環境保護局,1,0,1,0,0,0,0,,,
內湖區,醫院,康寧醫院,臺北市內湖區成功路五段420巷26號,121.608948,25.075891,康寧醫療財團法人康寧醫院,16,16,0,0,0,2,0,,,
內湖區,醫院,中國醫藥大學附設醫院臺北分院,臺北市內湖區內湖路二段360號,121.590642,25.082157,中國醫藥大學附設醫院臺北分院,16,0,16,0,0,2,1,,,
內湖區,醫院,三軍總醫院內湖院區,臺北市內湖區成功路二段325號,121.592407,25.071435,三軍總醫院內湖院區,66,66,0,0,0,12,2,,,
內湖區,醫院,聯合醫院忠孝醫院附設內湖門診部,臺北市內湖區民權東路六段99號1F女廁,121.588898,25.069374,臺北市立聯合醫院忠孝醫院附設內湖門診部,1,0,1,0,0,0,0,,,
內湖區,觀光遊憩,彩虹橋下,臺北市內湖區新明路621巷底,121.576838,25.053018,臺北市政府工務局水利工程處河川管理科高灘地東區管理站,3,0,3,0,0,1,0,,,
文山區,大專院校,世新大學,臺北市文山區木柵路一段17巷1號,121.544123,24.988625,私立世新大學,2,2,0,0,0,0,0,,,
文山區,大專院校,國立政治大學,臺北市文山區指南路二段64號,121.574833,24.98775,國立政治大學,20,0,20,0,0,0,0,,,
文山區,公園,萬芳公園,臺北市文山區萬和街2號旁,121.568252,25.001252,公園路燈工程管理處南港公園管理所,2,0,2,0,0,1,1,照護床,萬芳4號公園公廁,
文山區,公園,木柵公園(署),臺北市文山區下崙路9之3號對面,121.560505,24.986902,公園路燈工程管理處南港公園管理所,0,0,0,0,0,0,0,,,
文山區,公園,興隆公園(署),臺北市文山區仙岩路128號,121.551152,25.000594,公園路燈工程管理處南港公園管理所,3,0,3,0,0,1,0,,,
文山區,公園,景美運動公園(署),臺北市文山區景豐街底,121.545128,25.001276,公園路燈工程管理處南港公園管理所,3,0,3,0,0,0,1,,,
文山區,公園,溪洲河濱公園,福和橋下第1座(上游側)足球場旁,121.532879,25.008676,水利處高灘地南區管理站,1,0,0,0,0,0,0,,,
文山區,公園,溪洲河濱公園,福和橋下第1座(上游側)足球場旁,121.532879,25.008676,水利處高灘地南區管理站,1,0,0,0,0,1,0,,,
文山區,公園,溪洲河濱公園,福和橋上游越堤階梯旁,121.534875,25.004414,水利處高灘地南區管理站,1,0,0,0,0,0,0,,,
文山區,公園,溪洲河濱公園,第2座(下游側)壘球場旁,121.535229,25.001897,水利處高灘地南區管理站,1,0,0,0,0,0,0,,,
文山區,公園,溪洲河濱公園,第2座(下游側)壘球場旁,121.535223,25.001896,水利處高灘地南區管理站,1,0,0,0,0,0,0,,,
文山區,公園,溪洲河濱公園,第1座(上游側)壘球場旁,121.535158,25.000631,水利處高灘地南區管理站,1,0,0,0,0,0,0,,,
文山區,公園,溪洲河濱公園,第1座(上游側)壘球場旁,121.535158,25.000631,水利處高灘地南區管理站,1,0,0,0,0,1,0,,,
文山區,公園,溪洲河濱公園,溪洲疏散門(景二號疏散門),121.535117,24.998537,水利處高灘地南區管理站,1,0,0,0,0,0,1,,,
文山區,公園,溪洲河濱公園,溪洲疏散門(景二號疏散門),121.535107,24.998532,水利處高灘地南區管理站,1,0,0,0,0,0,1,,,
文山區,公園,溪洲河濱公園,溪洲疏散門(景二號疏散門),121.535107,24.998532,水利處高灘地南區管理站,1,0,0,0,0,0,0,,,
文山區,公園,景美河濱公園,網球場下游自行車道100公尺旁,121.537139,24.991972,水利處高灘地南區管理站,1,0,0,0,0,0,0,,,
文山區,公園,景美河濱公園,北新橋旁下游籃球場旁無障礙,121.539392,24.988304,水利處高灘地南區管理站,1,0,0,0,0,1,0,,,
文山區,公園,景美河濱公園,北新橋旁下游籃球場旁,121.539392,24.988304,水利處高灘地南區管理站,1,0,0,0,0,0,0,,,
文山區,公園,木柵河濱公園,籃球場旁無障礙,121.545389,24.984056,水利處高灘地南區管理站,1,0,0,0,0,1,0,,,
文山區,公園,木柵河濱公園,籃球場旁,121.545332,24.984046,水利處高灘地南區管理站,1,0,0,0,0,0,0,,,
文山區,公園,道南右岸河濱公園,寶橋下游100公尺,121.553488,24.98079,水利處高灘地南區管理站,1,0,0,0,0,0,0,,,
文山區,公園,道南右岸河濱公園,一壽橋上游100公尺處,121.55682,24.976953,水利處高灘地南區管理站,1,0,0,0,0,0,0,,,
文山區,公園,道南右岸河濱公園,恆光橋旁,121.567129,24.981157,水利處高灘地南區管理站,1,0,0,0,0,0,1,,,
文山區,公園,道南右岸河濱公園,恆光橋旁,121.567129,24.981157,水利處高灘地南區管理站,1,0,0,0,0,0,0,,,
文山區,公園,道南右岸河濱公園,恆光橋旁,121.567129,24.981157,水利處高灘地南區管理站,1,0,0,0,0,0,0,,,
文山區,公園,道南右岸河濱公園,恒光橋上游約400公尺處網球場旁,121.570435,24.983,水利處高灘地南區管理站,1,0,0,0,0,0,0,,,
文山區,公園,道南右岸河濱公園,恒光橋上游約400公尺處網球場旁,121.570435,24.983,水利處高灘地南區管理站,1,0,0,0,0,0,0,,,
文山區,公園,道南右岸河濱公園,道南橋上游自行車牽引道旁,121.571447,24.988529,水利處高灘地南區管理站,1,0,0,0,0,0,0,,,
文山區,公園,道南右岸河濱公園,萬壽橋下,121.571587,24.991663,水利處高灘地南區管理站,1,0,0,0,0,0,0,,,
文山區,公園,道南右岸河濱公園,萬壽橋下,121.571624,24.991679,水利處高灘地南區管理站,1,0,0,0,0,0,0,,,
文山區,公園,道南右岸河濱公園,景3疏散門下游200公尺網球場旁,121.571894,24.993397,水利處高灘地南區管理站,1,0,0,0,0,0,0,,,
文山區,文化育樂場所,臺北市立藝文推廣處文山劇場,臺北市文山區景文街32號,121.541324,24.991815,臺北市立藝文推廣處,22,22,0,0,0,4,0,,,
文山區,文化育樂場所,博嘉運動公園(署),臺北市文山區木柵路四段159巷16號,121.575427,25.000884,博嘉運動公園,10,10,0,0,0,1,1,,,
文山區,文化育樂場所,永安藝文館,臺北市文山區木新路二段156號-1,121.568879,24.984147,永安藝文館,14,2,12,0,0,4,0,,,
文山區,文化育樂場所,茶研發推廣中心,臺北市文山區指南路三段40巷8之2號,121.59429,24.969071,茶研發推廣中心,2,0,2,0,0,0,0,,,
文山區,文化育樂場所,文山運動中心,臺北市文山區興隆路三段222號,121.559417,24.997447,文山運動中心,11,0,11,0,0,3,0,,,
文山區,加油站,中油木柵加油站,臺北市文山區木柵路三段2號,121.5641,24.9885,臺灣中油股份有限公司木柵站,3,3,0,0,0,1,0,,,
文山區,加油站,中油萬隆加油站,臺北市文山區興隆路一段13號,121.539478,25.004446,臺灣中油股份有限公司萬隆站,2,2,0,0,0,1,0,,,
文山區,加油站,世新加油站,臺北市文山區景興路293號,121.542385,24.98912,世新加油站股份有限公司,1,0,1,0,0,1,0,,,
文山區,加油站,全國景美加油站,臺北市文山區羅斯福路六段140號,121.540849,24.996182,全國加油站股份有限公司,3,0,3,0,0,1,0,,,
文山區,加油站,車容坊加油站辛亥站,臺北市文山區辛亥路四段100號,121.558255,25.006421,車容坊股份有限公司,3,0,3,0,0,1,0,,,
文山區,加油站,福華加油站,臺北市文山區興隆路二段244巷1號1樓,121.553971,25.000901,金台企業股份有限公司,3,0,3,0,0,1,0,,,
文山區,加油站,政大加油站,臺北市文山區指南路一段53號,121.570727,24.988032,政大加油站股份有限公司,3,0,3,0,0,2,0,,,
文山區,市場,公有興隆市場(署),臺北市文山區興隆路二段97號,121.547459,24.999671,臺北市市場處公有興隆市場,3,0,3,0,0,1,0,,,
文山區,市場,公有景美市場(署),臺北市文山區景文街137號2樓,121.541141,24.990165,台北市政府市場管理處公有景美市場,1,0,1,0,0,0,0,,,
文山區,市場,公有木柵市場(署),臺北市文山區保儀路13巷3號,121.569284,24.988521,臺北市市場處公有木柵市場,5,0,5,0,0,1,0,,,
文山區,市場,公有木新市場(署),臺北市文山區木新路三段310巷4號,121.557244,24.981483,臺北市市場處公有木新市場,3,0,1,2,0,1,0,,,
文山區,交通,捷運木柵站(文湖線),臺北市文山區木柵路四段135號,121.573147,24.998231,捷運木柵站,3,3,0,0,0,0,1,,,
文山區,交通,捷運辛亥站(文湖線),臺北市文山區辛亥路四段128號,121.557102,25.005483,捷運辛亥站,3,3,0,0,0,1,0,,,
文山區,交通,捷運萬芳醫院站(文湖線),臺北市文山區興隆路三段113號,121.558095,24.999335,捷運萬芳醫院站,3,3,0,0,0,0,1,,,
文山區,交通,捷運萬芳社區站(文湖線),臺北市文山區萬芳路60號,121.568323,24.998581,捷運萬芳社區站,3,3,0,0,0,1,0,,,
文山區,交通,捷運動物園站(文湖線),臺北市文山區新光路二段32號,121.579498,24.998171,捷運動物園站,3,3,0,0,0,0,1,,,
文山區,交通,捷運景美站(松山新店線),臺北市文山區羅斯福路六段216號,121.540571,24.993206,捷運景美站(夜),3,3,0,0,0,0,1,,,
文山區,交通,捷運萬隆站(松山新店線),臺北市文山區羅斯福路五段214號,121.538552,25.002544,捷運萬隆站,3,3,0,0,0,0,1,,,
文山區,交通,北二高木柵休息站,木柵休息站,121.570283,24.975939,交通部台灣區國道高速公路局北區工程處木柵工務段,4,2,2,0,0,1,1,,,
文山區,交通,辛亥國小地下停車場,臺北市文山區辛亥路四段103號地下,121.558556,25.006322,臺北市停車管理工程處辛亥國小地下停車場,3,0,3,0,0,1,0,,,
文山區,交通,景華公園地下停車場(署),臺北市文山區景華街55號地下,121.543721,24.995232,臺北市停車管理工程處光復北路立體停車場,3,3,0,0,0,1,0,,,
文山區,交通,臺北花木市場地下停車場,臺北市文山區興隆路一段15號,121.540222,25.004312,臺北市停車管理工程處臺北花木市場地下停車場,3,0,3,0,0,1,0,,,
文山區,交通,木柵機廠旁景觀,臺北市文山區新光路2段21號旁,121.583767,25.000339,臺北大眾捷運股份有限公司,2,2,0,0,0,0,0,,,
文山區,交通,興隆公園地下停車場(署),臺北市文山區仙岩路128號,121.551152,25.000594,臺北市停車管理工程處興隆公園地下停車場,3,0,3,0,0,1,0,,,
文山區,交通,景美國小地下停車場,臺北市文山區景文街142巷2號,121.540694,24.989247,臺北市停車管理工程處景美國小地下停車場,3,0,3,0,0,0,1,,,
文山區,交通,萬興國小地下停車場,臺北市文山區秀明路二段114號地下,121.5767,24.9898,萬興國小地下停車場,3,0,3,0,0,1,0,,,
文山區,交通,景美女中地下停車場,臺北市文山區木新路三段310巷9號,121.556604,24.982147,山發務業股份有限公司,3,2,1,0,0,1,0,,,
文山區,宗教,指南宮,臺北市文山區萬壽路115號,121.586823,24.979891,臺北市指南宮管理委員會,5,0,5,0,0,1,0,,,
文山區,宗教,真修寺,臺北市文山區試院路134號,121.547491,24.990004,真修寺,1,0,1,0,0,0,0,,,
文山區,宗教,慈光寺,臺北市文山區萬芳路26巷5號,121.569087,24.995122,慈光寺,1,0,1,0,0,0,0,,,
文山區,連鎖餐飲店,麥當勞台北興隆店,臺北市文山區興隆路三段54號1樓,121.555881,25.0001,台灣麥當勞餐廳股份有限公司台北興隆分公司,2,0,2,0,0,0,0,,,
文山區,連鎖餐飲店,摩斯漢堡興隆店,臺北市文山區興隆路三段44號1樓,121.555676,25.00015,安心食品服務股份有限公司興隆分公司,1,0,1,0,0,0,0,,,
文山區,連鎖餐飲店,麥當勞台北考試院店,臺北市文山區木柵路一段137號1樓,121.550246,24.987598,台灣麥當勞餐廳股份有限公司台北考試院分公司,1,0,1,0,0,0,0,,,
文山區,連鎖餐飲店,麥當勞台北木柵店,臺北市文山區木柵路三段57號,121.566404,24.988655,台灣麥當勞餐廳股份有限公司台北木柵分公司,1,0,1,0,0,0,0,,,
文山區,連鎖餐飲店,吉野家景美店,臺北市文山區景文街99號1樓,121.541352,24.990894,台灣吉野家股份有限公司景美分公司,1,1,0,0,0,0,0,,,
文山區,連鎖餐飲店,統一星巴克木新門市,臺北市文山區木新路三段162號,121.561036,24.981869,統一星巴克股份有限公司統一星巴克木新門市,1,0,1,0,0,0,0,,,
文山區,連鎖餐飲店,石二鍋臺北興隆分公司,臺北市文山區興隆路四段149號,121.561646,24.984804,石二鍋臺北興隆分公司,1,0,1,0,0,0,0,,,
文山區,連鎖餐飲店,摩斯漢堡木新店,臺北市文山區木新路三段170號1樓,121.560759,24.981944,安心食品服務股份有限公司木新分公司,1,0,1,0,0,0,0,,,
文山區,連鎖餐飲店,摩斯漢堡政大指南店,臺北市文山區指南路二段71號,121.574911,24.988081,安心食品服務股份有限公司政大指南分公司,1,0,1,0,0,0,0,,,
文山區,連鎖餐飲店,統一星巴克政大門市,臺北市文山區指南路二段105號,121.575683,24.987847,統一星巴克股份有限公司政大門市,1,0,1,0,0,0,0,,,
文山區,連鎖餐飲店,統一星巴克木柵門市,臺北市文山區木柵路三段75號,121.566918,24.988791,統一星巴克股份有限公司木柵門市,1,0,1,0,0,0,0,,,
文山區,綜合零售賣場,統一超商臺北市新萬隆門市,臺北市文山區羅斯福路六段20號22號,121.539439,25.000017,統一超商股份有限公司臺北市新萬隆門市,1,0,1,0,0,0,0,,,
文山區,綜合零售賣場,統一超商臺北市文山門市,臺北市文山區永安街22巷23號25號1樓,121.568967,24.986714,統一超商股份有限公司,1,0,1,0,0,0,0,,,
文山區,綜合零售賣場,愛買景美店,臺北市文山區景中街30巷12號,121.542446,24.992179,愛買景美店,3,0,3,0,0,1,0,,,
文山區,綜合零售賣場,瀚星百貨,臺北市文山區景興路188號,121.5438,24.9923,瀚星百貨,8,8,0,0,0,1,0,,,
文山區,機關,國稅局文山稽徵所,臺北市文山區木柵路三段220號6樓,121.569962,24.989558,財政部臺北國稅局文山稽徵所,6,6,0,0,0,0,0,,,
文山區,機關,臺北市政府公務人員訓練處,臺北市文山區萬美街二段21巷20號,121.56104,25.004577,臺北市政府公務人員訓練處,38,38,0,0,0,11,0,,,
文山區,機關,臺北市稅捐稽徵處文山分處,臺北市文山區木柵路三段220號,121.569962,24.989558,臺北市稅捐稽徵處文山分處,4,4,0,0,0,0,0,,,
文山區,機關,忠順區民活動中心,臺北市文山區忠順街二段22號2樓,121.563109,24.984675,忠順區民活動中心,3,0,3,0,0,1,0,,,
文山區,機關,富德靈骨樓,臺北市文山區木柵路五段43巷190號,121.591546,25.012126,臺北市殯葬管理處臺北市富德靈骨樓,3,0,3,0,0,1,0,,,
文山區,機關,臺北市政府社會局老人自費安養中心,臺北市文山區興隆路四段109巷30弄6號,121.562477,24.986285,臺北市政府社會局老人自費安養中心,4,2,2,0,0,1,0,,,
文山區,機關,古亭地政事務所,臺北市文山區萬隆街47之12號2樓至4樓,121.533232,24.960972,臺北市古亭地政事務所,2,2,0,0,0,1,1,,,
文山區,機關,文山區戶政事務所(景美所),臺北市文山區興隆路二段160號3樓,121.551672,25.001719,臺北市文山區戶政事務所景美所,2,2,0,0,0,0,0,,,
文山區,機關,臺北市立圖書館萬興分館,臺北市文山區萬壽路27號4樓,121.576456,24.988499,臺北市立圖書館萬興分館,5,5,0,0,0,1,0,,,
文山區,機關,臺北市立圖書館木柵分館,臺北市文山區保儀路13巷3號3樓,121.56916,24.988513,臺北市立圖書館木柵分館,6,0,6,0,0,2,0,,,
文山區,機關,臺北市立圖書館景美分館,臺北市文山區羅斯福路五段176巷50號2樓,121.536373,25.003607,臺北市立圖書館景美分館,7,0,7,0,0,1,0,,,
文山區,機關,臺北市立圖書館文山分館,臺北市文山區興隆路二段160號7樓,121.551672,25.001719,臺北市立圖書館文山分館,10,1,9,0,0,1,1,,,
文山區,機關,文山區戶政事務所(所本部),臺北市文山區木柵路三段220號2樓,121.569962,24.989558,臺北市文山區戶政事務所所本部,5,5,0,0,0,0,1,,,
文山區,機關,景美就業服務站,臺北市文山區羅斯福路六段393號2樓,121.540596,24.992146,景美就業服務站,2,2,0,0,0,1,0,,,
文山區,機關,臺北市就業服務處個案管理資源站,臺北市文山區羅斯福路六段393號3樓,121.540596,24.992146,臺北市就業服務處個案管理資源站,2,2,0,0,0,0,0,,,
文山區,機關,文山社福中心,臺北市文山區興隆路二段160號6樓,121.551297,25.001745,文山社福中心,2,2,0,0,0,1,0,,,
文山區,機關,文山第一分局,臺北市文山區木柵路二段202號,121.563244,24.988908,臺北市政府警察局文山第一分局,2,0,2,0,0,0,0,,,
文山區,機關,木新派出所,臺北市文山區恆光街45號,121.561454,24.981768,臺北市政府警察局木新派出所,2,0,2,0,0,0,0,,,
文山區,機關,指南派出所,臺北市文山區指南路二段177號,121.577944,24.987308,臺北市政府警察局指南派出所,1,0,1,0,0,0,0,,,
文山區,機關,復興派出所,臺北市文山區木柵路一段54號,121.547177,24.986811,臺北市政府警察局文山復興派出所,1,0,1,0,0,0,0,,,
文山區,機關,萬芳派出所,臺北市文山區萬美街一段50號,121.567089,25.002343,臺北市政府警察局萬芳派出所,1,0,1,0,0,0,0,,,
文山區,機關,文山第二分局,臺北市文山區景中街2號,121.541072,24.992825,臺北市政府警察局文山第二分局,3,0,3,0,0,1,0,,,
文山區,機關,萬盛派出所,臺北市文山區羅斯福路五段151號,121.538957,25.003865,臺北市政府警察局萬盛派出所,1,0,1,0,0,0,0,,,
文山區,機關,興隆派出所,臺北市文山區興隆路二段156號,121.551265,25.001608,臺北市政府警察局興隆派出所,1,0,1,0,0,0,0,,,
文山區,機關,文山區公所,臺北市文山區木柵路三段220號9樓,121.569962,24.989558,臺北市文山區公所,12,12,0,0,0,1,0,,,
文山區,機關,臺北市立圖書館力行分館,臺北市文山區一壽街22號5-8樓,121.556498,24.979578,臺北市立圖書館力行分館,8,0,8,0,0,0,0,,,
文山區,機關,臺北市立圖書館安康民眾閱覽室,臺北市文山區興隆路四段105巷1號4樓,121.5608,24.987728,臺北市立圖書館安康民眾閱覽室,3,0,3,0,0,1,0,,,
文山區,機關,臺北市立圖書館萬芳民眾閱覽室,臺北市文山區萬美街25號1樓,121.569178,25.002215,臺北市立圖書館萬芳民眾閱覽室,2,0,2,0,0,0,0,,,
文山區,機關,文山區健康服務中心,臺北市文山區木柵路三段220號1樓跟3樓,121.569962,24.989558,臺北市文山區健康服務中心,5,5,0,0,0,0,0,,,
文山區,機關,臺北市立圖書館景新分館,臺北市文山區景後街151號7樓,121.542032,24.990152,臺北市立圖書館景新分館,11,3,8,0,0,3,0,,,
文山區,機關,文山4號,臺北市文山區萬慶街124號邊祖師廟內,121.536905,24.994949,臺北市政府環境保護局,1,0,1,0,0,0,0,,,
文山區,機關,文山6號,臺北市文山區仙跡廟左邊(景興街153巷進入),121.547822,24.992444,臺北市政府環境保護局,1,0,1,0,0,0,0,,,
文山區,機關,文山9號,臺北市文山區保儀路76號旁(集應廟廣場),121.568541,24.987286,臺北市政府環境保護局,1,0,1,0,0,0,0,,,
文山區,機關,文山公園3號,臺北市文山區指南路三段(山上)草湳橋左側,121.605615,24.970417,臺北市政府環境保護局,1,0,1,0,0,0,0,,,
文山區,機關,文山11號,臺北市文山區木柵路5段159巷151號 (福德坑環保復育公園第一停車場內),121.591642,25.0075,臺北市政府環境保護局,1,0,1,0,0,0,0,,,
文山區,機關,文山12號,臺北市文山區木柵路5段159巷151號 (福德坑環保復育公園靈古樓涼亭旁),121.593905,25.011721,臺北市政府環境保護局,1,0,1,0,0,0,0,,,
文山區,機關,文山13號,臺北市文山區萬壽路85號旁,121.585406,24.981335,臺北市政府環境保護局,1,0,1,0,0,0,0,,,
文山區,醫院,臺北市立萬芳醫院　　　　,臺北市文山區興隆路三段111號,121.558387,24.999963,臺北市立萬芳醫院,25,1,24,0,0,5,1,,,
文山區,醫院,景美醫院,臺北市文山區羅斯福路六段280號,121.539881,24.991198,景美醫院,4,0,4,0,0,1,0,,,
文山區,觀光遊憩,景美仙跡岩廟,臺北市文山區景興路263巷28號,121.547977,24.992587,仙跡岩,2,0,2,0,0,0,0,,,
文山區,觀光遊憩,臺北市立動物園,臺北市文山區新光路二段30號,121.581069,24.998855,臺北市立動物園,75,75,0,0,0,20,9,照護床,"諾亞方舟廁所,機動移動",
文山區,觀光遊憩,木柵貓空纜車,臺北市文山區新光路二段8號,121.576292,24.996036,臺北大眾捷運股份有限公司,16,16,0,0,0,3,3,,,
北投區,公園,陽明山公園(署),臺北市北投區陽明山,121.540139,25.156931,公園路燈工程管理處花卉試驗中心,22,9,13,0,0,11,1,,,
北投區,公園,北投公園1號,臺北市北投區中山路2號旁,121.507267,25.136785,公園路燈工程管理處陽管所北投1號公園,3,0,3,0,0,1,0,,,
北投區,公園,石牌公園,臺北市北投區石牌路一段39巷,121.510291,25.116297,公園路燈工程管理處石牌公園,3,3,0,0,0,2,0,,,
北投區,公園,振華公園,臺北市北投區石牌振華街,121.518656,25.115521,公園路燈工程管理處陽明公園管理所振華公園,4,0,4,0,0,1,1,,,
北投區,公園,復興公園,臺北市北投區中和街200號,121.503278,25.139322,公園路燈工程管理處陽明山公園管理所復興公園,7,0,7,0,0,2,0,,,
北投區,公園,奇岩一號公園,臺北市北投區三合街一段與磺港路交叉口,121.503862,25.126747,奇岩一號公園,3,0,3,0,0,1,0,照護床,奇岩1號公園公廁,
北投區,公園,奇岩二號公園,臺北市北投區三合街一段與磺港路交叉口,121.503862,25.126747,奇岩二號公園,3,0,3,0,0,1,0,,,
北投區,公園,磺港公園,臺北市北投區磺港路大興街口,121.504101,25.130701,陽明山管理所磺港公園,0,0,0,0,0,0,0,,,
北投區,公園,丹鳳公園,臺北市北投區公館路255巷19弄20號前,121.510016,25.126481,臺北市公園路燈管理處陽明所,3,1,2,0,0,1,0,,,
北投區,公園,洲美蜆仔港公園,臺北市北投區承德路六段329號,121.512047,25.102065,臺北市公園路燈管理處,3,0,3,0,0,1,0,,,
北投區,公園,嗄嘮別公園,臺北市北投區中央北路三段40巷,121.485434,25.138444,臺北市公園路燈管理處陽明山管理所,3,0,3,0,0,1,0,,,
北投區,公園,北投福星公園,臺北市北投區文林北路225號,121.512297,25.109071,工務局公園路燈工程管理處,3,3,0,0,0,0,1,照護床,福星公園公廁,
北投區,公園,立農公園,臺北市北投區立農街22巷1弄旁,121.503703,25.118413,公園路燈工程管理處陽明山公園管理所立農公園,3,1,2,0,0,1,0,照護床,立農公園公廁,
北投區,公園,東華公園,臺北市北投區東華街二段300巷附近花架旁,121.50542,25.122014,公園路燈工程管理處陽明山公園管理所東華公園,3,3,0,0,0,1,0,,,
北投區,公園,建民公園,臺北市北投區文林北路16巷旁,121.520296,25.105797,臺北市北投區公所,1,0,1,0,0,0,0,,,
北投區,公園,北投泉源公園48號,臺北市北投區珠海路155號,121.509598,25.141836,公園路燈工程管理處陽明山管理所新生公園,3,3,0,0,0,0,0,,,
北投區,公園,榮華公園,臺北市北投區榮華一路5巷9號旁,121.522444,25.111028,公園路燈工程管理處陽明山管理所新生公園,1,1,0,0,0,0,0,,,
北投區,公園,北投19號公園,臺北市北投區中央南路2段39巷26號旁,121.50096,25.123297,公園路燈工程管理處陽明山管理所新生公園,1,1,0,0,0,0,0,,,
北投區,公園,軟橋公園,臺北市北投區文林北路5巷58號,121.5177,25.103031,臺北市政府工務局公園路燈工程管理處,2,0,2,0,0,0,0,,,
北投區,公園,北投公園2號,臺北市北投區中山路26號旁,121.508293,25.136894,公園路燈工程管理處陽明山公園管理所北投公園2號(溫泉親水公園),3,0,3,0,0,1,0,,,
北投區,公園,北投七星公園,臺北市北投區七星街3號,121.504128,25.136564,公園路燈工程管理處陽明山公園管理所北投七星公園233,0,0,0,0,0,0,0,,,
北投區,公園,洲美公園,臺北市北投區福美路199號,121.505584,25.10028,臺北市公園路燈管理處陽明山管理所,4,4,0,0,0,1,1,照護床,洲美公園公廁,
北投區,公園,北投長安公園,臺北市北投區中央北路一段42之1號,121.500762,25.134673,臺北市北投區公所,3,3,0,0,0,1,0,,,
北投區,公園,北投榮富公園,臺北市北投區榮華一路1之1號,121.525015,25.113832,臺北市政府工務局公園路燈工程管理處陽明山公園管理所,2,0,0,0,0,2,0,,,
北投區,公園,河雙21號河濱公園35號,洲美里體健區,121.509724,25.097882,水利處高灘地北區管理站,1,0,0,0,0,0,0,,,
北投區,公園,河雙21號河濱公園36號,自行車租借站,121.509724,25.097882,水利處高灘地北區管理站,1,0,0,0,0,0,0,,,
北投區,公園,河雙21號河濱公園37號,自行車租借站,121.509724,25.097882,水利處高灘地北區管理站,1,0,0,0,0,0,0,,,
北投區,公園,河雙21號河濱公園38號,自行車租借站,121.509724,25.097882,水利處高灘地北區管理站,1,0,0,0,0,0,0,,,
北投區,公園,河雙21號河濱公園,兒童遊戲區,121.499082,25.099596,水利處高灘地北區管理站,1,0,0,0,0,0,0,,,
北投區,公園,河雙21號河濱公園,兒童遊戲區,121.499082,25.099596,水利處高灘地北區管理站,1,0,0,0,0,0,0,,,
北投區,公園,河雙21號河濱公園,兒童遊戲區,121.499082,25.099596,水利處高灘地北區管理站,1,0,0,0,0,0,0,,,
北投區,公園,洲美共構段39號,洲美大橋下,121.498667,25.101532,水利處高灘地北區管理站,1,0,0,0,0,0,0,,,
北投區,公園,洲美共構段40號,自行車越野場地,121.499311,25.113795,水利處高灘地北區管理站,1,0,0,0,0,0,0,,,
北投區,公園,洲美共構段41號,自行車越野場地,121.499311,25.113795,水利處高灘地北區管理站,1,0,0,0,0,0,0,,,
北投區,公園,洲美共構段42號,自行車越野場地,121.499311,25.113795,水利處高灘地北區管理站,1,0,0,0,0,0,0,,,
北投區,文化育樂場所,北投運動中心,臺北市北投區石牌路一段39巷100號,121.509768,25.116473,北投運動中心,11,0,11,0,0,3,0,,,
北投區,文化育樂場所,洲美運動公園,臺北市北投區洲美街271號,121.500605,25.109979,洲美運動公園,6,0,6,0,0,0,2,,,
北投區,文化育樂場所,陽明山中山樓(署),臺北市北投區陽明路二段15號,121.552778,25.155614,國立台灣圖書館陽明山中山樓管理所,6,6,0,0,0,0,1,,,
北投區,文化育樂場所,北投溫泉博物館,臺北市北投區中山路2號,121.507267,25.136785,北投溫泉博物館,1,1,0,0,0,0,0,,,
北投區,文化育樂場所,凱達格蘭文化館,臺北市北投區中山路3-1號,121.505443,25.137163,凱達格蘭文化館,17,17,0,0,0,1,0,,,
北投區,加油站,中油北投加油站,臺北市北投區承德路七段384號,121.502165,25.119311,臺灣中油股份有限公司北投加油站,3,3,0,0,0,1,0,,,
北投區,加油站,中油北投中央北路加油站,臺北市北投區中央北路四段584號,121.4663,25.127079,臺灣中油股份有限公司北投中央北路站,1,1,0,0,0,1,1,,,
北投區,加油站,中油百齡四路加油站,臺北市北投區承德路六段427號,121.511364,25.108005,臺灣中油股份有限公司百齡四路加油加氣站,3,3,0,0,0,1,0,,,
北投區,加油站,車容坊加油站大業站,臺北市北投區大度路2號,121.498887,25.121566,車容坊股份有限公司車容坊加油站大業站,2,0,2,0,0,0,0,,,
北投區,加油站,關渡大業路加油站,臺北市北投區大業路157號,121.498572,25.124701,富叡股份有限公司,3,0,3,0,0,2,0,,,
北投區,加油站,石牌加油站,臺北市北投區承德路七段139號,121.508657,25.11252,晶叡股份有限公司,3,0,3,0,0,1,0,,,
北投區,加油站,台亞承德加油站,臺北市北投區承德路七段303號,121.504031,25.116722,台亞石油股份有限公司,3,0,3,0,0,1,0,,,
北投區,加油站,溫馨加氣站,臺北市北投區承德路六段359號,121.511686,25.106498,鈉叡股份有限公司,1,0,0,1,0,1,0,,,
北投區,市場,公有北投中繼市場(署),臺北市北投區磺港路33號,121.502691,25.132672,臺北市市場處公有北投市場,6,6,0,0,0,2,0,,,
北投區,市場,自強綜合市場(署),臺北市北投區自強街125號,121.51574,25.111092,自強市場自治管理委員會,2,0,0,2,0,0,0,,,
北投區,交通,捷運明德站(淡水信義線),臺北市北投區明德路95號,121.518848,25.109721,捷運明德站,3,3,0,0,0,0,1,,,
北投區,交通,捷運石牌站(淡水信義線),臺北市北投區石牌路一段200號,121.515136,25.115078,捷運石牌站,5,5,0,0,0,0,1,,,
北投區,交通,捷運唭哩岸站(淡水信義線),臺北市北投區東華街二段301號,121.506252,25.120872,捷運唭哩岸站,3,3,0,0,0,0,1,,,
北投區,交通,捷運奇岩站(淡水信義線),臺北市北投區三合街二段487號,121.501132,25.125491,捷運奇岩站,3,3,0,0,0,0,1,,,
北投區,交通,捷運北投站(淡水信義線),臺北市北投區光明路1號,121.498695,25.131977,捷運北投站,6,6,0,0,0,0,2,,,
北投區,交通,捷運新北投站(淡水信義線),臺北市北投區大業路700號,121.502534,25.136947,捷運新北投站,3,3,0,0,0,0,1,,,
北投區,交通,捷運復興崗站(淡水信義線),臺北市北投區中央北路三段53巷10號,121.485424,25.137532,捷運復興崗站,3,3,0,0,0,0,1,,,
北投區,交通,捷運忠義站(淡水信義線),臺北市北投區中央北路四段301號,121.473226,25.131058,捷運忠義站,3,3,0,0,0,0,1,,,
北投區,交通,捷運關渡站(淡水信義線),臺北市北投區大度路三段296巷51號,121.467188,25.12571,捷運關渡站,3,3,0,0,0,1,0,,,
北投區,交通,大豐公園地下停車場,臺北市北投區大興街145號地下,121.503934,25.13113,臺北市停車管理工程處大豐公園地下停車場,3,3,0,0,0,1,0,,,
北投區,交通,振興公園地下停車場,臺北市北投區天母西路112號B1,121.523419,25.118764,振興公園地下停車場,3,3,0,0,0,2,0,,,
北投區,交通,石牌國小地下停車場,臺北市北投區石牌路一段137號地下一樓,121.512265,25.114081,臺北市停車管理工程處石牌國小地下停車場,3,2,1,0,0,2,0,,,
北投區,交通,立農公園地下停車場,臺北市北投區承德路七段372號地下樓,121.503052,25.118497,臺北市停車管理工程處立農公園地下停車場,3,2,1,0,0,1,0,,,
北投區,交通,七星公園地下停車場,臺北市北投區光明路225號,121.504128,25.136564,臺北市停車管理工程處七星公園地下停車場,4,3,1,0,0,1,1,,,
北投區,交通,大業立體停車場,臺北市北投區大業路745號,121.502494,25.137398,臺北市停車管理工程處大業立體停車場,1,0,0,1,0,1,0,,,
北投區,交通,振華公園地下停車場,臺北市北投區振華街15號,121.51822,25.115859,正好停-振華公園地下停車場,3,3,0,0,0,1,0,,,
北投區,交通,北投福星公園地下停車場,臺北市北投區北科路220號,121.512563,25.107571,臺北市停車管理工程處,4,0,4,0,0,1,1,,,
北投區,宗教,忠義行天宮,臺北市北投區中央北路四段18巷底,121.47747,25.137486,臺北市行天宮北投分宮忠義廟,3,3,0,0,0,1,0,,,
北投區,宗教,關渡宮,臺北市北投區知行路360號,121.463954,25.117703,財團法人臺北市關渡宮,5,0,5,0,0,1,0,,,
北投區,宗教,關渡玉女宮,臺北市北投區大度路三段301巷222號,121.463939,25.11754,臺北市關渡玉女宮,2,0,2,0,0,0,0,,,
北投區,宗教,北投區慈生宮,臺北市北投區立農街一段321號,121.507008,25.119554,財團法人臺北市北投區慈生宮,2,0,2,0,0,0,0,,,
北投區,宗教,北投慈后宮,臺北市北投區清江路169號,121.501986,25.128234,財團法人台北市北投慈后宮,1,0,1,0,0,0,0,,,
北投區,宗教,明山宮,臺北市北投區行義路115號,121.529035,25.127917,明山宮,1,0,1,0,0,0,0,,,
北投區,宗教,五福宮,臺北市北投區行義路1號,121.525892,25.123984,財團法人陽明山五福宮,1,0,1,0,0,0,0,,,
北投區,連鎖餐飲店,麥當勞台北石牌店,"臺北市北投區石牌路二段126號1,2,3,4樓",121.5174,25.117891,台灣麥當勞餐廳股份有限公司台北石牌分公司,1,0,1,0,0,0,0,,,
北投區,連鎖餐飲店,肯德基北投光明分公司,"臺北市北投區泉源路3-1號1,2,3樓",121.50415,25.136727,怡和餐飲股份有限公司北投光明分公司,1,0,1,0,0,0,0,,,
北投區,連鎖餐飲店,摩斯漢堡北投店,臺北市北投區中央北路一段42號之1號1樓,121.500793,25.134052,安心食品服務股份有限公司北投光明分公司,1,0,1,0,0,0,0,,,
北投區,連鎖餐飲店,麥當勞台北中央店,臺北市北投區中央北路四段532號1樓,121.467819,25.128067,台灣麥當勞餐廳股份有限公司台北中央分公司,1,0,1,0,0,0,0,,,
北投區,連鎖餐飲店,麥當勞台北承德二店,臺北市北投區承德路七段262號,121.505788,25.116128,台灣麥當勞餐廳股份有限公司台北承德Ⅱ分公司,3,0,3,0,0,1,0,,,
北投區,連鎖餐飲店,北投焚化廠空中旋轉餐廳,臺北市北投區洲美街271號,121.500605,25.109979,北投焚化廠空中旋轉餐廳,4,0,4,0,0,0,0,,,
北投區,連鎖餐飲店,麥當勞台北北投店,"臺北市北投區光明路218-3號1,2,3樓",121.50433,25.136228,台灣麥當勞餐廳股份有限公司台北光明路分公司,1,0,1,0,0,0,0,,,
北投區,連鎖餐飲店,摩斯漢堡捷運石牌店,臺北市北投區石牌路一段174號1樓,121.513702,25.114481,安心食品服務股份有限公司石牌捷運分公司,1,0,1,0,0,0,0,,,
北投區,連鎖餐飲店,拿坡里天母店,臺北市北投區天母西路109號,121.52353,25.118943,拿帕里股份有限公司天母分公司,1,1,0,0,0,0,0,,,
北投區,連鎖餐飲店,頂呱呱光明店,臺北市北投區光明路218-2號1樓,121.504261,25.136233,吟桂股份有限公司北投分公司,1,1,0,0,0,0,0,,,
北投區,連鎖餐飲店,統一星巴克光明門市,臺北市北投區光明路218-4號,121.50439,25.136233,統一星巴克股份有限公司光明門市,1,1,0,0,0,1,0,,,
北投區,連鎖餐飲店,摩斯漢堡北投光明店,臺北市北投區光明路212號,121.503961,25.136135,安心食品服務股份有限公司北投光明分公司,1,0,1,0,0,0,0,,,
北投區,連鎖餐飲店,統一星巴克石牌門市,臺北市北投區石牌路二段74號,121.514025,25.117252,統一星巴克股份有限公司石牌門市,1,0,1,0,0,0,0,,,
北投區,連鎖餐飲店,吉野家石牌店,臺北市北投區石牌路二段79號,121.514025,25.117252,台灣吉野家股份有限公司石牌分公司,1,1,0,0,0,0,0,,,
北投區,綜合零售賣場,統一超商臺北市德致門市,臺北市北投區明德路87號89號1樓,121.518749,25.10896,統一超商股份有限公司臺北市德致門市,1,0,1,0,0,0,0,,,
北投區,綜合零售賣場,統一超商臺北市統勝門市,臺北市北投區自強街82號,121.514648,25.11059,統一超商股份有限公司臺北市統勝門市,1,0,1,0,0,1,0,,,
北投區,綜合零售賣場,統一超商臺北市擎天崗門市,臺北市北投區湖山路一段14-1號,121.547285,25.152388,統一超商股份有限公司臺北市擎天崗門市,1,0,1,0,0,0,0,,,
北投區,綜合零售賣場,好市多北投店,臺北市北投區立德路117號,121.470067,25.127562,好市多購物中心北投店,11,11,0,0,0,2,1,,,
北投區,機關,臺北市立圖書館清江分館,臺北市北投區公館路198號3樓,121.50735,25.127735,臺北市立圖書館清江分館,3,3,0,0,0,1,0,,,
北投區,機關,北投區健康服務中心,臺北市北投區石牌路二段111號1樓,121.517118,25.118031,臺北市北投區健康服務中心,2,2,0,0,0,0,0,,,
北投區,機關,臺北市立圖書館稻香分館,臺北市北投區稻香路81號7樓,121.489538,25.140952,臺北市立圖書館稻香分館,9,9,0,0,0,3,1,照護床,9樓,
北投區,機關,臺北市立圖書館北投分館,臺北市北投區光明路251號,121.506296,25.136298,臺北市立圖書館北投分館,7,7,0,0,0,2,0,,,
北投區,機關,臺北市立圖書館秀山閱覽室,臺北市北投區中和街534號6樓,121.493039,25.145502,臺北市立圖書館秀山閱覽室,5,5,0,0,0,2,0,,,
北投區,機關,大屯派出所,臺北市北投區中和街534號,121.493039,25.145502,臺北市政府警察局?大屯派出所,1,0,1,0,0,1,0,,,
北投區,機關,公園派出所,臺北市北投區紗帽路110號,121.548669,25.148815,臺北市政府警察局?公園派出所,1,1,0,0,0,0,0,,,
北投區,機關,永明派出所,臺北市北投區石牌路二段101號,121.516946,25.117929,臺北市政府警察局?永明派出所,1,0,1,0,0,0,0,,,
北投區,機關,石牌派出所,臺北市北投區文林北路296號,121.512464,25.109948,臺北市政府警察局?石牌派出所,1,0,1,0,0,0,0,,,
北投區,機關,光明派出所,臺北市北投區泉源路14號,121.504243,25.13737,臺北市政府警察局?光明派出所,1,0,1,0,0,0,0,,,
北投區,機關,竹子湖派出所,臺北市北投區竹子湖路16號,121.540228,25.167615,臺北市政府警察局?竹子湖派出所,1,1,0,0,0,0,0,,,
北投區,機關,奇岩派出所,臺北市北投區公館路209巷11號,121.507908,25.12777,臺北市政府警察局?奇岩派出所,1,0,1,0,0,0,0,,,
北投區,機關,長安派出所,臺北市北投區中央北路一段1號,121.501256,25.133263,臺北市政府警察局?長安派出所,1,0,1,0,0,0,0,,,
北投區,機關,關渡派出所,臺北市北投區大度路三段305號,121.46601,25.123159,臺北市政府警察局?關渡派出所,1,0,1,0,0,0,0,,,
北投區,機關,臺北市立圖書館吉利分館,臺北市北投區立農街一段366號5樓,121.508385,25.119306,臺北市立圖書館吉利分館,9,9,0,0,0,3,0,,,
北投區,機關,臺北市立圖書館永明民眾閱覽室,臺北市北投區石牌路二段115號7樓,121.517176,25.118068,臺北市立圖書館永明民眾閱覽室,5,5,0,0,0,1,0,,,
北投區,機關,臺北市立圖書館石牌分館,臺北市北投區明德路208巷5號3-8樓,121.52266,25.113177,臺北市立圖書館石牌分館,18,18,0,0,0,4,0,,,
北投區,機關,北投焚化廠觀景樓,臺北市北投區洲美街271號,121.500605,25.109979,臺北市政府環境保護局北投垃圾焚化廠,2,0,2,0,0,1,0,,,
北投區,機關,北投13號,臺北市北投區青天宮前(復興三路526號對面),121.500605,25.160067,臺北市政府環境保護局,1,0,1,0,0,0,0,,,
北投區,機關,北投15號,臺北市北投區秀山路85巷72號貴子坑水土保持園區旁登山步道上650公尺處,121.494041,25.153424,臺北市政府環境保護局,1,0,1,0,0,0,0,,,
北投區,機關,北投1號,臺北市北投區竹子湖16號邊竹子湖派出所旁登山步道口,121.540234,25.167304,臺北市政府環境保護局,1,0,0,1,0,0,0,,,
北投區,機關,北投17號,臺北市北投區竹子湖路67號之8號,121.540647,25.178631,臺北市環保局,1,0,1,0,0,0,1,,,
北投區,機關,北投16號,臺北市北投區竹子湖路33號旁,121.533323,25.172912,臺北市政府環境保護局,1,0,1,0,0,0,1,,,
北投區,醫院,三軍總醫院北投分院　　　　,臺北市北投區新民路60號,121.509775,25.139818,三軍總醫院北投分院,3,3,0,0,0,1,0,,,
北投區,醫院,振興醫院,臺北市北投區振興街45號,121.522602,25.117544,振興醫療財團法人振興醫院,19,19,0,0,0,2,0,,,
北投區,醫院,臺北榮民總醫院,臺北市北投區石牌路二段201號,121.520082,25.119349,臺北榮民總醫院,114,93,21,0,0,15,21,,,
北投區,醫院,臺北市立關渡醫院,臺北市北投區知行路225巷12號,121.466386,25.120304,臺北市立關渡醫院,13,13,0,0,0,0,0,,,
北投區,醫院,和信治癌中心醫院,臺北市北投區立德路125號,121.472414,25.128283,醫療財團法人辜公亮基金會和信治癌中心醫院,17,17,0,0,0,0,0,,,
北投區,醫院,聯合醫院陽明院區北投門診部,臺北市北投區公館路198號,121.502399,25.132672,臺北市聯合醫院陽明院區北投門診部,3,3,0,0,0,1,0,,,
北投區,醫院,三軍總醫院中和街門診部,臺北市北投區中和街250號,121.501204,25.139724,三軍總醫院北投分院附設民眾診療服務處中和街門診部,3,3,0,0,0,1,0,,,
北投區,觀光遊憩,陽明山國家公園,臺北市北投區小油坑地質景觀區遊客服務中心,121.546587,25.155082,內政部國家公園署陽明山國家公園管理處,35,35,0,0,0,10,6,,,
北投區,觀光遊憩,關渡水岸公園,臺北市北投區知行路360號,121.463954,25.117703,臺北市政府工務局水利工程處關渡水岸公園,2,0,0,2,0,1,0,,,
北投區,觀光遊憩,關渡自然公園,臺北市北投區關渡路55號,121.469241,25.119413,關渡自然公園管理處(社團法人台北市野鳥學會),7,5,2,0,0,3,0,,,
北投區,觀光遊憩,地熱谷,臺北市北投區中山路30-1號,121.510819,25.137575,臺北自來水事業處陽明營業分處,2,0,2,0,0,0,0,,,
北投區,觀光遊憩,北投梅庭,臺北市北投區中山路6號,121.5082,25.1368,北投梅庭,0,0,0,0,0,0,0,,,
松山區,文化育樂場所,臺北田徑場,臺北市松山區敦化北路3號,121.551403,25.051253,臺北田徑場,42,0,42,0,0,10,8,,,
松山區,文化育樂場所,臺北市立藝文推廣處,臺北市松山區八德路三段25號,121.5519,25.048336,臺北市立藝文推廣處,21,21,0,0,0,5,0,,,
松山區,文化育樂場所,臺北小巨蛋,臺北市松山區南京東路四段2號(南京東路四段與敦化北路交叉口),121.549934,25.05145,臺北大眾捷運股份有限公司,30,30,0,0,0,1,3,照護床,"1-03無障礙廁所,2-04無障礙廁所",
松山區,文化育樂場所,台北偶戲館,臺北市松山區市民大道五段99號2F,121.561336,25.047741,台北偶戲館,6,0,6,0,0,0,0,,,
松山區,文化育樂場所,松山運動中心,臺北市松山區敦化北路1號,121.550231,25.048607,松山運動中心,3,0,3,0,0,1,0,,,
松山區,加油站,中油松山機場站,臺北市松山區敦化北路342之1號,121.550597,25.062635,台灣中油股份有限公司,3,3,0,0,0,1,0,,,
松山區,加油站,中油光復北路加油站,臺北市松山區光復北路9號,121.558106,25.049049,臺灣中油股份有限公司光復北路加油站,3,1,2,0,0,1,0,,,
松山區,加油站,中油復興北路加油站,臺北市松山區復興北路31號,121.544416,25.049515,臺灣中油股份有限公司復興北路加油站,3,3,0,0,0,2,0,,,
松山區,加油站,中油民生東路加油站,臺北市松山區三民路126號,121.563725,25.059379,臺灣中油股份有限公司,3,3,0,0,0,1,0,,,
松山區,加油站,全國撫遠加油站,臺北市松山區塔悠路99號,121.570274,25.053828,全國加油站股份有限公司,1,0,1,0,0,0,0,,,
松山區,加油站,中油濱江大直橋加油加氣站,臺北市松山區濱江街373號,121.553364,25.072605,臺灣中油股份有限公司濱江大直橋加油加氣站,3,3,0,0,0,1,0,,,
松山區,市場,公有龍城市場(署),臺北市松山區光復南路190巷39號,121.553739,25.054564,臺北市公有龍城市場,5,0,5,0,0,1,0,,,
松山區,市場,公有松山市場(署),臺北市松山區八德路四段679號,121.576062,25.050086,臺北市公有松山市場,2,0,2,0,0,0,0,,,
松山區,市場,公有中崙市場(署),臺北市松山區八德路三段76號,121.552615,25.04825,臺北市政府市場管理處,6,0,6,0,0,2,0,,,
松山區,市場,公有南松市場(署),臺北市松山區塔悠路40號,121.570974,25.050798,臺北市市場處公有南松市場,3,0,3,0,0,1,0,,,
松山區,交通,偶戲博物館地下停車場,臺北市松山區市民大道五段99號B1,121.561325,25.04779,偶戲博物館地下停車場,1,0,1,0,0,0,0,,,
松山區,交通,西松高中地下停車場,臺北市松山區健康路325巷19弄1號B1,121.566071,25.055976,西松高中地下停車場,1,0,1,0,0,0,0,,,
松山區,交通,松山機場,臺北市松山區敦化北路340-9號,121.551513,25.063666,交通部民航局臺北國際航空站,28,28,0,0,0,5,16,"照護床,污物盆",國際航廈1樓,國際航廈2樓及3樓
松山區,交通,八德立體停車場,臺北市松山區八德路四段568號,121.572071,25.049758,八德立體停車場(夜),9,9,0,0,0,1,4,,,
松山區,交通,捷運南京復興站(松山新店線),臺北市松山區南京東路三段253號,121.544045,25.052285,捷運南京復興站,8,8,0,0,0,0,2,,,
松山區,交通,捷運台北小巨蛋站(松山新店線),臺北市松山區南京東路四段10-1號,121.552549,25.051292,捷運台北小巨蛋站,6,6,0,0,0,0,2,,,
松山區,交通,捷運南京三民站(松山新店線),臺北市松山區南京東路五段237號,121.564708,25.051652,捷運南京三民站,5,5,0,0,0,0,1,,,
松山區,交通,捷運松山站(松山新店線),臺北市松山區八德路四段742號,121.577706,25.050118,捷運松山站,6,6,0,0,0,0,2,,,
松山區,交通,中山國中地下停車場,臺北市松山區民權東路三段140巷15號,121.546528,25.061549,臺北市停車管理工程處,3,3,0,0,0,0,1,,,
松山區,交通,市民大道地下停車場復敦段,臺北市松山區(復興南路至敦化南路段),121.546743,25.045025,臺北市停車管理工程處,5,5,0,0,0,1,0,,,
松山區,交通,市民大道地下停車場敦延段,臺北市松山區(敦化南路至延吉街段),121.550586,25.044729,臺北市停車管理工程處,5,5,0,0,0,1,0,,,
松山區,交通,捷運南京復興站(文湖線),臺北市松山區南京東路三段253號,121.544517,25.052057,南京復興站,3,3,0,0,0,0,1,,,
松山區,交通,健康國小地下停車場,臺北市松山區延壽街168號,121.562666,25.056651,臺北市停車管理工程處健康國小地下停車場,3,0,3,0,0,1,0,,,
松山區,交通,民生立體停車場,臺北市松山區民生東路五段84號,121.559462,25.058343,臺北市停車管理工程處民生立體停車場,10,0,10,0,0,2,0,,,
松山區,交通,民權公園地下停車場(署),臺北市松山區民權東路四段180號,121.557972,25.061612,臺北市停車管理工程處民權公園地下停車場,8,0,8,0,0,1,0,,,
松山區,交通,市民大道地下停車場延吉段,臺北市松山區市民大道敦化北路延吉路間地下,121.553675,25.044445,臺北市停車管理工程處,3,3,0,0,0,1,0,,,
松山區,交通,民生社區中心停車場,臺北市松山區民生東路五段163之1號B2,121.562837,25.059274,民生社區中心停車場,2,2,0,0,0,0,0,,,
松山區,交通,捷運松山機場站(文湖線),臺北市松山區敦化北路338號,121.551547,25.063114,捷運松山機場站,6,6,0,0,0,2,2,,,
松山區,交通,中崙高中地下停車場,臺北市松山區八德路四段101號B2,121.561091,25.049096,臺北市停車管理工程處中崙高中地下停車場,3,0,3,0,0,1,0,,,
松山區,交通,公有民有市場地下停車場,臺北市松山區民權東路三段140巷15號B1,121.546907,25.060366,公有民有市場地下停車場,3,3,0,0,0,1,0,,,
松山區,交通,松山國小地下停車場,臺北市松山區八德路四段746號,121.577214,25.050244,臺北市停車管理工程處,3,3,0,0,0,1,0,,,
松山區,宗教,行天宮附設玄空圖書館敦化總館,臺北市松山區敦化北路120巷9號,121.547882,25.053903,財團法人台北市行天宮附設玄空圖書館敦化總館,10,10,0,0,0,1,1,,,
松山區,宗教,松山慈祐宮,臺北市松山區八德路四段761號,121.577736,25.051074,財團法人臺北市松山慈祐宮,3,0,3,0,0,1,0,,,
松山區,宗教,台北府城隍廟(昭明廟),臺北市松山區虎林街3號,121.576151,25.049429,台北府城隍廟(昭明廟),2,0,2,0,0,1,0,,,
松山區,宗教,松山霞海城隍廟,臺北市松山區八德路四段439號,121.570171,25.04991,松山霞海城隍廟,1,0,1,0,0,0,0,,,
松山區,連鎖餐飲店,漢堡王八德店,臺北市松山區八德路二段449號1樓,121.547357,25.048386,家城股份有限公司八德分公司,1,0,1,0,0,0,0,,,
松山區,連鎖餐飲店,麥當勞台北民權店,臺北市松山區民權東路三段128號,121.546061,25.061713,台灣麥當勞餐廳股份有限公司民權一分公司,1,0,1,0,0,1,0,,,
松山區,連鎖餐飲店,頂呱呱中崙店,臺北市松山區八德路三段206號,121.556503,25.048067,頂呱呱中崙分公司,1,0,1,0,0,0,0,,,
松山區,連鎖餐飲店,我家牛排撫遠店,臺北市松山區撫遠街304號1樓,121.566345,25.061685,我家牛排撫遠店,1,0,1,0,0,0,0,,,
松山區,連鎖餐飲店,麥味登健康店,臺北市松山區健康路15巷13號,121.552812,25.054618,揚秦國際企業股份有限公司,1,0,1,0,0,0,0,,,
松山區,連鎖餐飲店,摩斯漢堡民生二店,臺北市松山區民生東路五段184號1~2樓,121.563785,25.058194,安心食品服務股份有限公司民生第二分公司,1,0,1,0,0,0,0,,,
松山區,連鎖餐飲店,統一星巴克北寧門市,臺北市松山區南京東路四段56號1F,121.55373,25.051522,統一星巴克股份有限公司北寧門市,1,0,1,0,0,0,0,,,
松山區,連鎖餐飲店,拿坡里八德店,臺北市松山區八德路三段112號,121.553764,25.048106,拿帕里股份有限公司八德分公司,1,0,1,0,0,0,0,,,
松山區,連鎖餐飲店,統一星巴克台視門市,臺北市松山區八德路三段10之1號,121.55046,25.048144,統一星巴克股份有限公司台視門市,1,0,1,0,0,0,0,,,
松山區,連鎖餐飲店,摩斯漢堡八德店,臺北市松山區八德路三段123號,121.55443,25.0483,安心食品服務股份有限公司八德分公司,1,0,1,0,0,0,0,,,
松山區,連鎖餐飲店,統一星巴克敦化門市,臺北市松山區敦化北路147號1樓,121.54958,25.053898,統一星巴克股份有限公司敦化門市,1,0,1,0,0,0,0,,,
松山區,連鎖餐飲店,摩斯漢堡敦北店,臺北市松山區敦化北路155巷1號1樓,121.549687,25.054248,安心食品服務股份有限公司敦北分公司,1,0,1,0,0,0,0,,,
松山區,連鎖餐飲店,三商巧福敦北店,臺北市松山區敦化北路199巷2弄7號,121.550052,25.055512,三商行股份有限公司敦北分公司,1,0,1,0,0,0,0,,,
松山區,連鎖餐飲店,麥當勞台北民生店,臺北市松山區民生東路三段135號,121.548378,25.058019,台灣麥當勞餐廳股份有限公司台北民生分公司,3,0,3,0,0,1,0,,,
松山區,連鎖餐飲店,王品台塑牛排南京東分公司,臺北市松山區南京東路四段169號,121.556232,25.051818,王品餐飲股份有限公司王品台北南京東分公司,1,1,0,0,0,0,0,,,
松山區,連鎖餐飲店,摩斯漢堡民生店,臺北市松山區民生東路四段114號1樓,121.555631,25.058564,安心食品服務股份有限公司民生東路分公司,1,0,1,0,0,0,0,,,
松山區,連鎖餐飲店,摩斯漢堡西華店,臺北市松山區民生東路三段113巷7弄1號,121.546426,25.05868,安心食品服務股份有限公司西華分公司,1,0,1,0,0,0,0,,,
松山區,連鎖餐飲店,摩斯漢堡吉祥店,臺北市松山區吉祥路59號,121.562641,25.050666,安心食品服務股份有限公司吉祥分公司,1,0,1,0,0,0,0,,,
松山區,連鎖餐飲店,麥當勞台北南京影城店,臺北市松山區南京東路五段162號,121.563077,25.051255,台灣麥當勞餐廳股份有限公司台北南京二分公司,1,0,1,0,0,0,0,,,
松山區,連鎖餐飲店,肯德基南京東2餐廳,臺北市松山區南京東路五段164號,121.563227,25.051274,怡和餐飲股份有限公司台北南京東二分公司,1,0,1,0,0,0,0,,,
松山區,綜合零售賣場,統一超商臺北市婦聯門市,臺北市松山區健康路224號,121.561207,25.053913,統一超商股份有限公司臺北市婦聯門市,1,0,1,0,0,0,0,,,
松山區,綜合零售賣場,微風南京　　　,臺北市松山區南京東路三段337號,121.548289,25.052006,微風南京,5,5,0,0,0,1,0,,,
松山區,綜合零售賣場,寶雅POYA民生分公司,臺北市松山區民生東路五段163之1號B1,121.562559,25.059167,寶雅國際股份有限公司台北民生分公司,1,0,1,0,0,0,0,,,
松山區,綜合零售賣場,全聯福利中心松山三民店,臺北市松山區三民路108號,121.563672,25.057865,全聯實業股份有限公司全聯福利社松山三民店,2,0,2,0,0,0,0,,,
松山區,綜合零售賣場,統一超商臺北市健一門市,臺北市松山區健康路11號,121.552442,25.053224,統一超商股份有限公司臺北市健一門市,1,0,1,0,0,0,0,,,
松山區,綜合零售賣場,全聯福利中心松山民有分公司,臺北市松山區民權東路三段140巷15號1樓,121.547062,25.060368,全聯實業股份有限公司松山民有分公司,3,0,3,0,0,1,0,,,
松山區,綜合零售賣場,統一超商臺北市清愿門市,臺北市松山區八德路二段439號,121.546962,25.048524,統一超商股份有限公司臺北市清愿門市,1,0,1,0,0,0,0,,,
松山區,綜合零售賣場,微風廣場,臺北市松山區復興南路一段39號,121.544177,25.04614,微風廣場,39,39,0,0,0,4,5,,,
松山區,綜合零售賣場,全家便利商店臺北市興北店,臺北市松山區民權東路三段103巷15號,121.544998,25.063361,全家便利商店股份有限公司臺北市興北店,1,0,1,0,0,0,0,,,
松山區,綜合零售賣場,統一超商臺北市福源門市,臺北市松山區新東街60巷16-18號,121.56607,25.062104,統一超商股份有限公司臺北市福源門市,1,0,1,0,0,0,0,,,
松山區,綜合零售賣場,統一超商臺北市塔優門市,臺北市松山區撫遠街197號,121.567925,25.059864,統一超商股份有限公司臺北市塔悠門市,1,0,1,0,0,0,0,,,
松山區,綜合零售賣場,萬家福三民店,臺北市松山區三民路160號,121.563215,25.061659,康達盛通生活事業股份有限公司三民分公司,7,0,7,0,0,1,0,,,
松山區,綜合零售賣場,統一超商臺北市松禾門市,臺北市松山區塔悠路31-33號,121.571507,25.050604,統一超商臺北市松禾門市,1,0,1,0,0,0,0,,,
松山區,機關,松山區戶政事務所,臺北市松山區八德路四段692號4樓,121.577229,25.049822,臺北市松山區戶政事務所,3,3,0,0,0,0,1,,,
松山區,機關,松山區健康服務中心,臺北市松山區八德路四段692號2樓,121.577229,25.049822,臺北市松山區健康服務中心,3,3,0,0,0,0,1,,,
松山區,機關,臺北市立圖書館三民分館,臺北市松山區民生東路五段163之1號5樓,121.562837,25.059274,臺北市立圖書館三民分館,4,4,0,0,0,0,0,,,
松山區,機關,臺北市立圖書館民生分館,臺北市松山區敦化北路199巷5號4樓,121.55113,25.057122,臺北市立圖書館民生分館,5,0,5,0,0,0,1,,,
松山區,機關,臺北市區監理所,臺北市松山區八德路四段21號,121.559177,25.048477,交通部公路總局臺北市區監理所,12,0,12,0,0,1,0,,,
松山區,機關,松山區公所,臺北市松山區八德路四段692號7樓,121.57726,25.049907,臺北市松山區公所,5,5,0,0,0,1,0,污物盆,,1樓
松山區,機關,臺北市稅捐稽徵處松山分處,臺北市松山區八德路三段178號,121.555745,25.047893,臺北市稅捐稽徵處松山分處,3,3,0,0,0,0,0,,,
松山區,機關,松山分局,臺北市松山區南京東路四段12號,121.552394,25.051286,臺北市政府警察局松山分局,3,3,0,0,0,1,0,,,
松山區,機關,三民派出所,臺北市松山區民生東路五段163之1號,121.562837,25.059274,臺北市政府警察局三民派出所,1,1,0,0,0,0,0,,,
松山區,機關,民有派出所,臺北市松山區民權東路三段162號,121.548057,25.061685,臺北市政府警察局民有派出所,1,0,1,0,0,0,0,,,
松山區,機關,東社派出所,臺北市松山區敦化北路199巷5之1號,121.551502,25.056851,臺北市政府警察局東社派出所,1,0,1,0,0,0,0,,,
松山區,機關,松山派出所,臺北市松山區八德路四段692號,121.57726,25.049907,臺北市政府警察局松山派出所,1,0,1,0,0,0,0,,,
松山區,機關,臺北市立圖書館中崙分館,臺北市松山區長安東路二段229號8樓,121.54584,25.048427,臺北市立圖書館中崙分館,3,3,0,0,0,1,0,,,
松山區,機關,社會局兒童早療轉介中心,臺北市松山區民生東路五段163之1號7樓,121.562837,25.059274,臺北市政府社會局早療通報轉介中心,2,2,0,0,0,0,0,,,
松山區,機關,臺北市政府體育局,臺北市松山區南京東路四段10號,121.552094,25.051292,臺北市政府體育局,41,0,41,0,0,6,0,,,
松山區,機關,臺北市立圖書館啟明分館,臺北市松山區敦化北路155巷76號,121.551833,25.054384,臺北市立圖書館啟明分館,12,0,12,0,0,4,0,,,
松山區,機關,民生社區中心,臺北市松山區民生東路五段163之1號,121.562981,25.058996,民生社區中心,22,22,0,0,0,7,5,,,
松山區,機關,松山1號,臺北市松山區八德路3段99巷12-11號對面,121.553986,25.049222,臺北市政府環境保護局,1,0,1,0,0,0,1,,,
松山區,醫院,臺安醫院,臺北市松山區八德路二段424號,121.547413,25.048094,財團法人基督復臨安息日會臺安醫院,26,26,0,0,0,3,2,,,
松山區,醫院,三軍總醫院松山分院　　　,臺北市松山區健康路131號,121.557672,25.054373,三軍總醫院松山分院,41,41,0,0,0,8,4,,,
松山區,醫院,博仁綜合醫院　　　　　,臺北市松山區光復北路66號,121.557685,25.049867,博仁綜合醫院,4,4,0,0,0,0,0,,,
松山區,醫院,長庚紀念醫院,臺北市松山區敦化北路199號,121.549524,25.055639,財團法人長庚紀念醫院,0,0,0,0,0,0,0,,,
信義區,公園,永春坡濕地公園,臺北市信義區松山路657號,121.580579,25.033356,工務局公園路燈工程管理處,6,0,6,0,0,0,2,,,
信義區,公園,中興公園,臺北市信義區光復南路473巷13弄43號對面,121.558981,25.034336,臺北市信義區公所,3,0,3,0,0,1,1,,,
信義區,公園,象山公園,臺北市信義區信義路五段計畫區內,121.569978,25.03003,公園路燈工程管理處南港公園管理所,2,0,2,0,0,0,0,,,
信義區,公園,信義安康公園,臺北市信義區松仁路95巷20號博愛國小旁,121.569946,25.035248,公園路燈工程管理處南港公園管理所,3,0,3,0,0,1,0,,,
信義區,公園,景勤一號公園,臺北市信義區吳興街220巷59弄旁(台北醫學院斜對),121.561915,25.026896,臺北市政府公園路燈管理工程處南港公園管理所,2,0,2,0,0,0,1,,,
信義區,公園,永春崗公園,臺北市信義區松山路656巷,121.577205,25.031566,臺北市工務局公園路燈工程管理處南港所,2,0,2,0,0,0,1,,,
信義區,文化育樂場所,臺北國際會議中心,臺北市信義區信義路五段1號,121.560811,25.033219,臺北國際會議中心,8,8,0,0,0,4,0,,,
信義區,文化育樂場所,臺北世界貿易展覽中心(信義展覽館),臺北市信義區信義路五段5號,121.562475,25.033528,台北世界貿易展覽中心(信義展覽館),28,28,0,0,0,2,0,,,
信義區,文化育樂場所,臺北大巨蛋,臺北市信義區忠孝東路四段515號,121.55959,25.042322,遠雄巨蛋事業股份有限公司,71,71,0,0,0,29,5,照護床,"B2F本後一壘側,B2F本後三壘側,B2F中外野,B2F右外野,B1F110區,B1F112區,B1F114區,L2 209區,L2 217區,L2 302區,L2 316區,L3左外野,L4 405區,L4 413區",
信義區,文化育樂場所,信義運動中心,臺北市信義區松勤街100號,121.566679,25.031868,信義運動中心,12,0,12,0,0,4,0,,,
信義區,加油站,中油松山路加油站,臺北市信義區松山路480號,121.577624,25.039669,臺灣中油股份有限公司松山路加油站,2,0,2,0,0,1,0,,,
信義區,加油站,中油忠孝東路加油站,臺北市信義區忠孝東路五段69號,121.566819,25.041309,臺灣中油股份有限公司忠孝東路站,3,3,0,0,0,1,0,,,
信義區,市場,公有光復市場(署),臺北市信義區光復南路419巷146號,121.560467,25.036242,臺北市市場處公有光復市場,3,0,3,0,0,1,0,,,
信義區,市場,公有永春市場(署),臺北市信義區虎林街89巷1號,121.577366,25.043097,臺北市市場處公有永春市場,2,0,2,0,0,1,0,,,
信義區,市場,公有永吉市場(署),臺北市信義區永吉路278巷1弄30號,121.575243,25.044879,臺北市市場處公有永吉市場,2,0,2,0,0,1,0,,,
信義區,交通,信義國小地下停車場,臺北市信義區松勤路60號B1,121.563301,25.032002,臺北市停車工程管理處,3,0,3,0,0,1,0,,,
信義區,交通,松山車站,臺北市信義區松山路11號,121.577914,25.049437,臺鐵公司北區營運處臺北運務段松山站,10,10,0,0,0,1,3,,,
信義區,交通,松山工農地下停車場,臺北市信義區忠孝東路五段236巷15號,121.572497,25.039011,松山工農地下停車場,3,0,3,0,0,1,0,,,
信義區,交通,捷運國父紀念館站(板南線),臺北市信義區忠孝東路四段400號,121.558011,25.041048,捷運國父紀念館站,3,3,0,0,0,0,1,,,
信義區,交通,捷運市政府站(板南線),臺北市信義區忠孝東路五段2號,121.565328,25.04092,捷運市政府站,3,3,0,0,0,0,1,照護床,B1大廳層,
信義區,交通,大巨蛋周邊廣場,臺北市信義區忠孝東路四段505號,121.5596,25.042322,遠雄巨蛋事業股份有限公司,2,0,2,0,0,0,0,,,
信義區,交通,府前廣場地下停車場,臺北市信義區松壽路1號,121.562704,25.036019,府前廣場地下停車場,21,21,0,0,0,1,0,,,
信義區,交通,捷運永春站(板南線),臺北市信義區忠孝東路五段455號,121.576419,25.041007,捷運永春站,3,3,0,0,0,1,0,,,
信義區,交通,忠信地下停車場,臺北市信義區松仁路2號地下,121.568197,25.04038,臺北市停車管理工程處忠信地下停車場,3,3,0,0,0,1,0,,,
信義區,交通,五分埔地下停車場,臺北市信義區中坡北路57號地下,121.580175,25.046611,臺北市停車管理工程處五分埔地下停車場,3,3,0,0,0,1,0,,,
信義區,交通,松山高中地下停車場,臺北市信義區基隆路一段156號地下,121.565691,25.043707,臺北市停車管理工程處松山高中地下停車場,3,3,0,0,0,1,0,,,
信義區,交通,興雅國中地下停車場,臺北市信義區松德路200巷18號地下,121.572669,25.034788,臺北市停車管理工程處興雅國中地下停車場,3,0,3,0,0,1,0,,,
信義區,交通,松壽廣場地下停車場,臺北市信義區松智路15號,121.567921,25.036041,歐特儀股份有限公司,2,0,2,0,0,1,0,,,
信義區,交通,六張犁1區社會住宅地下停車場,臺北市信義區信安街27號,121.55833,25.027566,正好停股份有限公司,3,3,0,0,0,1,0,,,
信義區,交通,六張犁2區社會住宅地下停車場,臺北市信義區信安街15巷36號,121.559814,25.027873,正好停股份有限公司,7,7,0,0,0,2,0,,,
信義區,交通,信義廣場地下停車場,臺北市信義區信義路五段11號地下,121.565809,25.033146,臺北市停車管理工程處信義廣場地下停車場,2,2,0,0,0,0,0,,,
信義區,交通,臺北市災害應變中心地下停車場,臺北市信義區莊敬路391巷11弄2號B1,121.566118,25.028661,臺北市停車管理工程處臺北市災害應變中心地下停車場,3,3,0,0,0,1,0,,,
信義區,交通,信義三張里地下停車場,臺北市信義區松平路81號,121.566678,25.030723,臺北市停車管理工程處信義三張里地下停車場,2,0,2,0,0,0,0,,,
信義區,交通,春光公園地下停車場,臺北市信義區忠孝東路五段666號,121.580698,25.042242,臺北市停車管理工程處春光公園地下停車場,4,4,0,0,0,1,1,,,
信義區,交通,雅祥公園地下停車場,臺北市信義區松隆路123巷7號B1,121.571771,25.047325,臺北市停車管理工程處雅祥公園地下停車場,3,0,3,0,0,1,0,,,
信義區,交通,市政府轉運站,臺北市信義區忠孝東路五段6號,121.564612,25.040575,統一開發股份有限公司,10,0,10,0,0,2,0,,,
信義區,交通,松山車站地下停車場,臺北市信義區松山路11號,121.5789,25.0495,松山車站地下停車場(夜.署),3,3,0,0,0,0,1,,,
信義區,交通,捷運台北101世貿站(淡水信義線),臺北市信義區信義路五段20號B1,121.560436,25.033039,捷運台北101世貿站,5,5,0,0,0,1,0,,,
信義區,交通,捷運象山站(淡水信義線),臺北市信義區信義路五段152號B1,121.567279,25.032903,捷運象山站,3,3,0,0,0,0,1,,,
信義區,交通,景勤二號公園地下停車場,臺北市信義區信安街49號,121.558646,25.026233,威瀧實業有限公司,3,0,3,0,0,0,0,,,
信義區,宗教,松山寺　　,臺北市信義區吳興街284巷17號之1,121.564086,25.023881,財團法人台北市松山寺,2,0,2,0,0,0,0,,,
信義區,宗教,松山奉天宮,臺北市信義區福德街221巷12號,121.584615,25.037482,松山奉天宮,3,0,3,0,0,1,0,,,
信義區,宗教,松山慈惠堂,臺北市信義區福德街251巷33號,121.587635,25.03666,松山慈惠堂,4,0,4,0,0,1,0,,,
信義區,宗教,臺北市興雅福德宮,臺北市信義區永吉路30巷30號,121.56866,25.044533,臺北市興雅福德宮,1,0,1,0,0,0,0,,,
信義區,連鎖餐飲店,石二鍋捷運後山碑店,臺北市信義區忠孝東路五段789號1樓,121.581755,25.044155,石二鍋捷運後山碑店,1,1,0,0,0,0,0,,,
信義區,連鎖餐飲店,麥當勞忠孝四店,臺北市信義區忠孝東路五段522號,121.57922,25.041277,台灣麥當勞餐廳股份有限公司忠孝四分公司,1,0,1,0,0,0,0,,,
信義區,連鎖餐飲店,爭鮮迴轉壽司永春店,臺北市信義區松山路460號,121.577641,25.040507,爭鮮股份有限公司永春分公司,1,1,0,0,0,0,0,,,
信義區,連鎖餐飲店,摩斯漢堡北醫吳興店,臺北市信義區吳興街243號,121.563549,25.027517,安心食品服務股份有限公司北醫吳興店,1,0,1,0,0,0,0,,,
信義區,連鎖餐飲店,摩斯漢堡信義莊敬店,臺北市信義區莊敬路469號,121.567905,25.026992,安心食品服務股份有限公司信義莊敬店,1,0,1,0,0,0,0,,,
信義區,連鎖餐飲店,摩斯漢堡松山店,臺北市信義區忠孝東路五段629號,121.579278,25.041904,安心食品服務股份有限公司松山分公司,2,0,2,0,0,0,0,,,
信義區,連鎖餐飲店,統一星巴克永春門市,臺北市信義區忠孝東路五段299號1樓,121.573717,25.041224,統一星巴克股份有限公司永春門市,1,0,1,0,0,0,0,,,
信義區,綜合零售賣場,統一超商臺北市福中門市,臺北市信義區福德街159號161號1樓,121.583328,25.037664,統一超商股份有限公司臺北市福中門市,1,0,1,0,0,0,0,,,
信義區,綜合零售賣場,統一超商臺北市留公門市,臺北市信義區福德街247號,121.585895,25.03873,統一超商股份有限公司臺北市留公門市,1,0,1,0,0,0,0,,,
信義區,綜合零售賣場,統一超商臺北市松高門市,臺北市信義區基隆路一段141號1樓,121.56595,25.042845,統一超商股份有限公司臺北市松高門市,1,0,1,0,0,0,0,,,
信義區,綜合零售賣場,新光三越台北信義新天地A11館,臺北市信義區松壽路11號,121.567208,25.036004,新光三越百貨股份有限公司台北信義新天地A11館,24,24,0,0,0,4,9,,,
信義區,綜合零售賣場,ATT 4 FUN,臺北市信義區松壽路12號,121.5661,25.0356,ATT 4 FUN,13,12,1,0,0,1,1,,,
信義區,綜合零售賣場,統一超商臺北市北府門市,臺北市信義區松仁路162號164號,121.568208,25.028386,統一超商股份有限公司,1,0,1,0,0,0,0,,,
信義區,綜合零售賣場,統一超商臺北市松聯門市,臺北市信義區忠孝東路四段559巷24號,121.563782,25.042672,統一超商股份有限公司,1,0,1,0,0,0,0,,,
信義區,綜合零售賣場,統一超商臺北市信醫門市,臺北市信義區吳興街348號,121.566363,25.025798,統一超商股份有限公司,1,0,1,0,0,0,0,,,
信義區,綜合零售賣場,統一超商臺北市富比世門市,臺北市信義區松仁路246號248號,121.569424,25.024493,統一超商股份有限公司,1,0,1,0,0,0,0,,,
信義區,綜合零售賣場,統一超商臺北市總部門市,臺北市信義區東興路67號,121.566633,25.046939,統一超商股份有限公司,2,2,0,0,0,0,0,,,
信義區,綜合零售賣場,統一超商臺北市麟運門市,臺北市信義區和平東路三段461號,121.558903,25.018611,統一超商股份有限公司,1,0,1,0,0,0,0,,,
信義區,綜合零售賣場,統一超商臺北市松錢門市,臺北市信義區松隆路192號194號1樓,121.572296,25.046764,統一超商股份有限公司臺北市松錢門市,1,0,1,0,0,0,0,,,
信義區,綜合零售賣場,新光三越台北信義新天地A8館,臺北市信義區松高路12號,121.566663,25.038882,新光三越百貨股份有限公司台北信義新天地A8館,37,37,0,0,0,0,8,,,
信義區,綜合零售賣場,新光三越台北信義新天地A9館,臺北市信義區松壽路9號,121.566575,25.036018,新光三越百貨股份有限公司台北信義新天地A9館,51,51,0,0,0,1,5,,,
信義區,綜合零售賣場,台北101購物中心,臺北市信義區市府路45號,121.564101,25.033493,台北101購物中心,18,18,0,0,0,2,2,,,
信義區,綜合零售賣場,微風信義,臺北市信義區忠孝東路五段68號,121.567052,25.040782,微風信義,16,16,0,0,0,3,2,,,
信義區,綜合零售賣場,遠百信義A13,臺北市信義區松仁路58號,121.567968,25.036732,遠東百貨股份有限公司,39,39,0,0,0,8,4,,,
信義區,綜合零售賣場,遠東Garden City,臺北市信義區忠孝東路四段505號,121.5596,25.042322,太平洋崇光百貨股份有限公司大巨蛋店,12,0,12,0,0,4,0,,,
信義區,綜合零售賣場,新光三越台北信義新天地A4館,臺北市信義區松高路19號,121.567026,25.039329,新光三越百貨股份有限公司,22,22,0,0,0,4,2,,,
信義區,綜合零售賣場,微風南山百貨,臺北市信義區松智路17號,121.566049,25.034173,微風置地股份有限公司南山分公司,38,38,0,0,0,6,1,,,
信義區,綜合零售賣場,DREAM PLAZA,臺北市信義區松高路11號,121.565254,25.039819,統一時代百貨台北店,25,25,0,0,0,5,1,,,
信義區,綜合零售賣場,BELLAVITA百貨,臺北市信義區松仁路28號,121.568291,25.03928,BELLAVITA寶麗廣場,14,14,0,0,0,4,2,,,
信義區,綜合零售賣場,統一時代百貨,臺北市信義區忠孝東路五段8號,121.565605,25.040704,統一時代百貨,33,33,0,0,0,8,0,,,
信義區,綜合零售賣場,CITYLINK松山店,臺北市信義區松山路11號2樓,121.578335,25.049171,潤泰百益股份有限公司CITYLINK松山店,11,11,0,0,0,3,0,,,
信義區,綜合零售賣場,誠品生活松菸店,臺北市信義區菸廠路88號,121.561829,25.044995,誠品生活股份有限公司松山分公司,19,19,0,0,0,4,1,,,
信義區,綜合零售賣場,微風松高百貨公司,臺北市信義區松高路16號,121.567273,25.038983,微風松高百貨公司,7,7,0,0,0,1,0,,,
信義區,綜合零售賣場,統一超商臺北市道生門市,臺北市信義區東興路57號,121.566462,25.047326,統一超商臺北市道生店,1,1,0,0,0,0,0,,,
信義區,綜合零售賣場,統一超商臺北市新三連門市,臺北市信義區逸仙路42巷25號1樓,121.563155,25.040475,統一超商臺北市新三連店,1,0,1,0,0,0,0,,,
信義區,機關,松山地政事務所,臺北市信義區莊敬路391巷11號,121.56589,25.028577,臺北市松山地政事務所,3,3,0,0,0,1,1,污物盆,,1樓
信義區,機關,臺北市立圖書館六合分館,臺北市信義區松仁路240巷19號,121.568915,25.024613,臺北市立圖書館六合分館,5,5,0,0,0,1,0,,,
信義區,機關,臺北市立圖書館三興分館,臺北市信義區吳興街156巷6號4樓廁所,121.561168,25.029062,臺北市立圖書館三興分館,6,0,6,0,0,1,1,,,
信義區,機關,信義社福中心,臺北市信義區大道路116號5樓之2,121.582754,25.039113,信義社福中心,2,2,0,0,0,0,0,,,
信義區,機關,臺北市立浩然敬老院,臺北市信義區大道路116號2樓之2,121.582896,25.039008,臺北市立浩然敬老院,4,4,0,0,0,3,0,,,
信義區,機關,信義區公所,臺北市信義區福德街86號9樓,121.581973,25.037725,臺北市信義區公所,36,34,2,0,0,12,2,,,
信義區,機關,臺北市立圖書館永春分館,臺北市信義區松山路294號3、4樓,121.577577,25.043069,臺北市立圖書館永春分館,6,6,0,0,0,2,0,,,
信義區,機關,市政大樓,臺北市信義區市府路1號,121.563782,25.037525,臺北市市政大樓公共事務管理中心,146,55,91,0,0,22,8,照護床,"中央北區1樓,中央南區1樓",
信義區,機關,信義分局,臺北市信義區信義路五段17號,121.568034,25.033153,臺北市政府警察局信義分局,1,0,1,0,0,0,0,,,
信義區,機關,三張犁派出所,臺北市信義區信義路五段17號,121.568034,25.033153,臺北市政府警察局三張犁派出所,1,0,1,0,0,0,0,,,
信義區,機關,五分埔派出所,臺北市信義區永吉路333號,121.575948,25.04566,臺北市政府警察局五分埔派出所,1,0,1,0,0,0,0,,,
信義區,機關,六張犁派出所,臺北市信義區嘉興街301號,121.555126,25.023669,臺北市政府警察局六張犁派出所,3,3,0,0,0,1,0,,,
信義區,機關,吳興街派出所,臺北市信義區吳興街262號,121.56385,25.026683,臺北市政府警察局吳興街派出所,1,0,1,0,0,0,0,,,
信義區,機關,福德街派出所,臺北市信義區福德街86號,121.581583,25.037371,臺北市政府警察局福德街派出所,2,2,0,0,0,1,0,,,
信義區,機關,信義公民會館,臺北市信義區松勤街50號,121.562184,25.031783,信義區公所人文課,8,1,7,0,0,1,1,,,
信義區,機關,臺北市立圖書館廣慈分館,臺北市信義區大仁里福德街86號4樓,121.581973,25.037725,臺北市立圖書館廣慈分館,3,3,0,0,0,0,1,,,
信義區,機關,信義10號,臺北市信義區永吉路468巷36弄15之1號邊,121.578591,25.044552,臺北市政府環境保護局,1,0,1,0,0,0,0,,,
信義區,機關,信義12號,臺北市信義區虎林街104巷78號對面,121.573954,25.042798,臺北市政府環境保護局,1,0,1,0,0,0,0,,,
信義區,機關,信義13號,臺北市信義區虎林街104巷185號對面(192號旁邊),121.572854,25.042798,臺北市政府環境保護局,1,0,1,0,0,0,0,,,
信義區,機關,信義14號,臺北市信義區永吉路180巷54弄20號對面巷子進入,121.570985,25.0439,臺北市政府環境保護局,1,0,1,0,0,0,0,,,
信義區,機關,信義1號,臺北市信義區吳興街583巷1弄28號邊,121.569751,25.022681,臺北市政府環境保護局,1,0,1,0,0,0,0,,,
信義區,機關,信義23號,臺北市信義區信義路五段150巷56之34號後方山上,121.572326,25.025609,臺北市政府環境保護局,1,0,1,0,0,0,0,,,
信義區,機關,信義24號,臺北市信義區和平東路三段627巷67弄4號旁,121.560185,25.016317,臺北市政府環境保護局,1,0,1,0,0,0,0,,,
信義區,機關,信義2號,臺北市信義區松山路664-10號(天寶宮)旁在松隆超市往前左邊巷子,121.578989,25.028,臺北市政府環境保護局,1,0,1,0,0,1,0,,,
信義區,機關,信義5號,臺北市信義區基隆路一段49號左邊,121.568541,25.047479,臺北市政府環境保護局,1,0,1,0,0,0,1,,,
信義區,機關,信義6號,臺北市信義區永吉路180巷41弄10號對面,121.571729,25.044277,臺北市政府環境保護局,1,0,1,0,0,0,0,,,
信義區,機關,信義7號,臺北市信義區松山路181巷1號前,121.578085,25.045971,臺北市政府環境保護局,1,0,1,0,0,0,0,,,
信義區,機關,信義8號,臺北市信義區松山路184巷4號前,121.577451,25.04606,臺北市政府環境保護局,1,0,1,0,0,0,0,,,
信義區,機關,信義公園2號,臺北市信義區福德街221巷26-3號龍山洞旁（奉天宮）,121.584404,25.036345,臺北市政府環境保護局,1,0,0,1,0,0,0,,,
信義區,機關,信義公園3號,臺北市信義區福德街251巷後山榴公國中旁往山上第二抽水站旁（慈惠堂後山虎山）,121.590931,25.03163,臺北市政府環境保護局,1,0,0,1,0,0,0,,,
信義區,機關,信義公園5號,臺北市信義區福德街251巷慈惠堂後山福壽園上,121.590491,25.029441,臺北市政府環境保護局,1,0,0,1,0,0,0,,,
信義區,機關,信義公園6號,臺北市信義區象山市立療養院後山永春亭,121.57467,25.027319,臺北市政府環境保護局,1,0,0,1,0,0,1,,,
信義區,機關,信義公園7號,臺北市信義區松山路677-11號,121.582268,25.026067,臺北市政府環境保護局,1,0,0,1,0,0,0,,,
信義區,機關,信義公園8號,臺北市信義區象山逸賢亭旁,121.576028,25.026467,臺北市政府環境保護局,1,0,0,1,0,0,0,,,
信義區,機關,信義公園4號,臺北市信義區松山路677之26號,121.583256,25.029065,台北市政府環境保護局,1,0,1,0,0,0,0,,,
信義區,醫院,聯合醫院松德院區　　　,臺北市信義區松德路309號,121.575005,25.029966,臺北市立聯合醫院松德院區,12,12,0,0,0,0,0,照護床,第一院區B棟1樓及2樓,
信義區,醫院,臺北醫學大學附設醫院　,臺北市信義區吳興街252號,121.563637,25.026905,臺北醫學大學附設醫院,19,19,0,0,0,5,1,,,
信義區,觀光遊憩,國立國父紀念館,臺北市信義區仁愛路四段505號,121.560224,25.039724,國立國父紀念館,6,6,0,0,0,2,0,,,
信義區,觀光遊憩,台北101觀景台,臺北市信義區信義路五段7號,121.564837,25.033194,台北金融大樓股份有限公司,5,5,0,0,0,1,0,,,
信義區,觀光遊憩,松山文化創意園區,臺北市信義區光復南路133號,121.560459,25.043732,松山文化創意園區,26,26,0,0,0,3,0,,,
南港區,公園,玉成公園,臺北市南港區中坡南路55號,121.585853,25.041839,公園路燈工程管理處南港公園管理所,6,0,6,0,0,4,0,,,
南港區,公園,南港公園,臺北市南港區東新街170-1號,121.591209,25.046018,公園路燈工程管理處南港公園管理所,9,0,9,0,0,5,1,照護床,南港公園公廁,
南港區,公園,舊莊公園,臺北市南港區舊莊路一段91巷,121.61992,25.041549,臺北市南港區公所,1,0,1,0,0,0,0,,,
南港區,公園,南港新新公園,臺北市南港區南港路三段47巷旁,121.589697,25.051289,工務局公園路燈工程管理處,4,0,4,0,0,1,1,照護床,新新公園公廁,
南港區,公園,南港玉東公園,臺北市南港區東新街市民大道交叉口,121.584366,25.050121,臺北市南港區公所,3,0,3,0,0,1,0,,,
南港區,公園,南港中研公園,臺北市南港區研究院路二段12巷與2巷交叉口,121.612783,25.047321,臺北市政府工務局公園路燈工程管理處南港公園管理所,2,0,0,0,0,0,0,,,
南港區,文化育樂場所,臺北市南港極限運動訓練中心,臺北市南港區忠孝東路七段382號,121.607235,25.051513,威整合運動股份有限公司,5,0,5,0,0,1,0,,,
南港區,文化育樂場所,臺北流行音樂中心,臺北市南港區市民大道八段99號,121.598575,25.052654,臺北流行音樂中心,47,47,0,0,0,16,3,照護床,南基地戶外廁所,
南港區,文化育樂場所,南港運動中心,臺北市南港區玉成街69號,121.581691,25.04901,南港運動中心,16,16,0,0,0,5,2,,,
南港區,文化育樂場所,南港展覽館,臺北市南港區經貿二路1號,121.618179,25.056537,台北世界貿易中心南港展覽館,36,36,0,0,0,12,0,,,
南港區,文化育樂場所,南港展覽館2館,臺北市南港區經貿二路2號,121.616344,25.056311,中華民國對外貿易協發展協會,22,22,0,0,0,7,0,,,
南港區,文化育樂場所,山水綠生態公園,臺北市南港區南深路37號,121.62234,25.029078,山水綠生態公園,13,0,13,0,0,3,0,,,
南港區,加油站,中油南港加油站,臺北市南港區南港路二段50號,121.604504,25.054153,臺灣中油股份有限公司南港站,2,2,0,0,0,0,0,,,
南港區,加油站,全國南港加油站,臺北市南港區南港路三段49號,121.589941,25.053265,全國加油站股份有限公司,2,0,2,0,0,1,0,,,
南港區,市場,公有成德市場(署),臺北市南港區同德路100號,121.586785,25.046125,臺北市市場處公有成德市場,3,0,1,2,0,1,0,,,
南港區,市場,公有中研市場(署),臺北市南港區研究院路二段70巷12號,121.614487,25.045417,臺北市市場處公有中研市場,0,0,0,0,0,0,0,,,
南港區,交通,台灣高鐵南港站,臺北市南港區南港路一段313號,121.607064,25.053189,台灣高速鐵路股份有限公司南港站,7,7,0,0,0,2,1,,,
南港區,交通,南港車站,臺北市南港區南港路一段313號,121.607334,25.053575,臺鐵公司北區營運處臺北運務段南港站,5,5,0,0,0,1,0,,,
南港區,交通,世貿公園地下停車場,臺北市南港區經貿二路88巷,121.616327,25.057615,世貿公園地下停車場,3,3,0,0,0,2,0,,,
南港區,交通,南港國小地下停車場,臺北市南港區興東街59號,121.611213,25.056415,南港國小地下停車場,3,0,3,0,0,1,0,,,
南港區,交通,玉成國小地下停車場,臺北市南港區昆陽街23號地下,121.592578,25.053246,玉成國小地下停車場,3,0,3,0,0,1,0,,,
南港區,交通,捷運南港展覽館站(文湖線),臺北市南港區南港路一段32號,121.617836,25.055429,捷運南港展覽館站,8,8,0,0,0,0,3,,,
南港區,交通,南港轉運站西站,臺北市南港區忠孝東路7段359號,121.606056,25.052512,國光客運汽車股份有限公司,3,0,3,0,0,1,0,,,
南港區,交通,興中立體停車場,臺北市南港區興中街44巷1號,121.606912,25.056116,興中立體停車場,2,0,2,0,0,1,0,,,
南港區,交通,捷運後山埤站(板南線),臺北市南港區忠孝東路六段2號,121.582961,25.045248,捷運後山埤站,3,3,0,0,0,0,1,,,
南港區,交通,捷運昆陽站(板南線),臺北市南港區忠孝東路六段451號,121.593268,25.050461,捷運昆陽站,3,3,0,0,0,0,1,,,
南港區,交通,成德立體停車場,臺北市南港區成福路1號,121.58608,25.045766,臺北市停車管理工程處成德立體停車場,2,2,0,0,0,1,0,,,
南港區,交通,捷運南港站(板南線),臺北市南港區忠孝東路七段380號,121.606042,25.051814,捷運南港站,5,5,0,0,0,0,1,,,
南港區,交通,捷運南港展覽館站(板南線),臺北市南港區研究院路一段1號,121.616646,25.055258,捷運南港展覽館站,8,8,0,0,0,1,1,,,
南港區,交通,捷運南港軟體園區站(文湖線),臺北市南港區經貿二路183號,121.615929,25.059942,捷運南港軟體園區站,3,3,0,0,0,0,1,,,
南港區,交通,玉成公園地下停車場,臺北市南港區成福路118號,121.587071,25.042262,臺北市停車管理工程處玉成公園地下停車場,3,3,0,0,0,2,0,,,
南港區,連鎖餐飲店,吉野家昆陽分公司,臺北市南港區忠孝東路六段442號,121.59383,25.050177,台灣吉野家股份有限公司昆陽分公司,1,0,1,0,0,0,0,,,
南港區,連鎖餐飲店,摩斯漢堡昆陽店,臺北市南港區忠孝東路六段444號1樓,121.593891,25.050196,安心食品服務股份有限公司昆陽分公司,1,0,1,0,0,0,0,,,
南港區,連鎖餐飲店,麥當勞忠孝八店,臺北市南港區忠孝東路六段438號1樓,121.595663,25.050735,台灣麥當勞餐廳股份有限公司忠孝八分公司,1,0,1,0,0,0,0,,,
南港區,連鎖餐飲店,麥當勞台北研究院店,臺北市南港區研究院路一段99號1樓,121.616235,25.051977,台灣麥當勞餐廳股份有限公司台北研究院分公司,1,0,1,0,0,0,0,,,
南港區,連鎖餐飲店,三商巧福南港分公司,臺北市南港區南港路三段7號,121.592093,25.053988,三商行股份有限公司南港分公司,1,0,1,0,0,0,0,,,
南港區,連鎖餐飲店,頂呱呱昆陽店,臺北市南港區忠孝東路六段392號,121.592324,25.049865,吟桂股份有限公司頂呱呱昆陽分公司,1,0,1,0,0,0,0,,,
南港區,綜合零售賣場,統一超商臺北市聯坊門市,臺北市南港區東新街118巷1號,121.588323,25.046466,統一超商股份有限公司臺北市聯坊門市,1,0,1,0,0,0,0,,,
南港區,綜合零售賣場,環球購物中心南港車站店,臺北市南港區忠孝東路七段371號B1,121.607496,25.052571,冠樺生活股份有限公司,12,4,8,0,0,4,0,,,
南港區,綜合零售賣場,中國信託金融園區,臺北市南港區經貿二路168-188號,121.61539,25.059165,中國信託商業銀行股份有限公司,29,29,0,0,0,4,0,,,
南港區,綜合零售賣場,LALAPORT南港,臺北市南港區經貿二路131號,121.617646,25.059545,台灣三井不動產股份有限公司-南港分公司,60,60,0,0,0,20,0,,,
南港區,綜合零售賣場,CITYLINK南港店,臺北市南港區忠孝東路七段369號,121.607221,25.052252,潤泰創新國際股份有限公司CITYLINK南港店,45,45,0,0,0,17,1,,,
南港區,機關,臺北市稅捐稽徵處南港分處,臺北市南港區南港路一段360號3樓,121.606697,25.054509,臺北市稅捐稽徵處南港分處,2,2,0,0,0,0,0,,,
南港區,機關,南港區戶政事務所,臺北市南港區南港路一段360號4樓,121.606697,25.054509,臺北市南港區戶政事務所,3,3,0,0,0,2,0,,,
南港區,機關,國稅局南港稽徵所,臺北市南港區南港路一段360號5樓,121.606697,25.054509,財政部臺北國稅局南港稽徵所,2,2,0,0,0,0,0,,,
南港區,機關,南港區健康服務中心,臺北市南港區南港路一段360號7樓,121.606697,25.054509,南港區健康服務中心,2,2,0,0,0,0,0,,,
南港區,機關,臺北市立圖書館龍華民眾閱覽室,臺北市南港區東新路63巷8號,121.582842,25.050634,臺北市立圖書館龍華民眾閱覽室,5,0,5,0,0,1,0,,,
南港區,機關,仁福里民活動中心,臺北市南港區福德路443號,121.590631,25.040003,南港區公所仁福里民活動中心,2,0,2,0,0,0,0,,,
南港區,機關,南港社福中心,臺北市南港區市民大道八段367號3樓,121.607935,25.053763,南港社福中心,3,3,0,0,0,1,0,,,
南港區,機關,臺北市立圖書館南港分館,臺北市南港區南港路一段350號,121.607951,25.053795,臺北市立圖書館南港分館,7,7,0,0,0,1,1,,,
南港區,機關,南港區公所,臺北市南港區南港路一段360號,121.606697,25.054509,臺北市南港區公所,12,12,0,0,0,3,0,,,
南港區,機關,南港分局,臺北市南港區向陽路150號,121.594733,25.054011,臺北市政府警察局南港分局,2,0,2,0,0,0,0,,,
南港區,機關,南港派出所,臺北市南港區經貿二路239號,121.614678,25.061007,臺北市政府警察局南港派出所,1,0,1,0,0,1,0,,,
南港區,機關,舊莊派出所,臺北市南港區舊莊街一段213號,121.622408,25.038542,臺北市政府警察局舊莊派出所,1,0,1,0,0,0,0,,,
南港區,機關,南港軟體園區一期,臺北市南港區三重路19之10號,121.613512,25.058029,南港軟體工業園區管理委員會,11,11,0,0,0,1,0,,,
南港區,機關,北原會館,臺北市南港區向陽路49號4樓,121.5946,25.0536,臺北市立圖書館?北原會館,9,1,8,0,0,1,0,,,
南港區,機關,南港軟體園區二期,臺北市南港區園區街3-1號,121.612085,25.05905,南港軟體工業園區二期管理委員會,8,8,0,0,0,1,0,,,
南港區,機關,臺北市立圖書館舊莊分館,臺北市南港區舊莊路91巷11號2樓,121.619436,25.041321,臺北市立圖書館舊莊分館,6,6,0,0,0,1,0,,,
南港區,機關,南港11號,臺北市南港區南港路二段240號右側新福宮前左側,121.597149,25.054299,臺北市政府環境保護局,1,0,1,0,0,0,0,,,
南港區,機關,南港12號,臺北市南港區南深路2號(面對福德宮邊左側),121.621667,25.038782,臺北市政府環境保護局,1,0,1,0,0,0,0,,,
南港區,機關,南港1號,臺北市南港區研究院路3段20巷口凌雲新村,121.615446,25.034678,臺北市政府環境保護局,1,0,1,0,0,0,1,,,
南港區,機關,南港2號,臺北市南港區研究院路二段130號斜對面胡適公園右側,121.616179,25.038725,臺北市政府環境保護局,1,0,1,0,0,0,1,,,
南港區,機關,南港7號,臺北市南港區市民大道8段588巷8號旁詹厝,121.614866,25.053959,臺北市政府環境保護局,1,0,1,0,0,0,0,,,
南港區,醫院,聯合醫院忠孝院區　　　　,臺北市南港區同德路87號,121.586098,25.046249,臺北市立聯合醫院忠孝院區,6,4,2,0,0,2,1,照護床,醫療大樓1樓,
南港區,醫院,聯合醫院南港門診部,臺北市南港區南港路一段360號1樓,121.606697,25.054509,臺北市立聯合醫院南港門診部,3,3,0,0,0,2,0,,,
南港區,觀光遊憩,南港茶葉製造示範場,臺北市南港區舊莊街二段336號,121.621463,25.029446,南港茶葉製造示範場,2,0,2,0,0,0,0,,,
萬華區,公園,青年公園,臺北市萬華區水源路199號,121.507039,25.022201,公園路燈工程管理處青年公園管理所,19,0,19,0,0,3,6,照護床,1號公廁,
萬華區,公園,老松公園,臺北市萬華區桂林路老松國小對面,121.502686,25.038635,臺北市萬華區公所,2,0,2,0,0,0,0,,,
萬華區,公園,青山公園廣場,臺北市萬華區華西街15號,121.498392,25.039497,臺北市萬華區公所,3,0,3,0,0,1,0,,,
萬華區,公園,艋舺公園,臺北市萬華區廣州街西園路交叉口,121.500545,25.036659,公園路燈工程管理處青年公園管理所,0,0,0,0,0,0,0,,,
萬華區,公園,和平青草園,臺北市萬華區艋舺大道西園路二段交叉口,121.4981,25.0328,公園路燈工程管理處青年公園管理所,3,0,3,0,0,0,1,,,
萬華區,公園,龍山河濱公園,貴陽疏散門前方自行車道旁,121.499701,25.043034,水利處高灘地南區管理站,1,0,0,0,0,1,0,,,
萬華區,公園,龍山河濱公園,貴陽疏散門前方自行車道旁,121.499701,25.043034,水利處高灘地南區管理站,1,0,0,0,0,0,0,,,
萬華區,公園,龍山河濱公園,貴陽疏散門前方自行車道旁,121.499701,25.043034,水利處高灘地南區管理站,1,0,0,0,0,0,0,,,
萬華區,公園,龍山河濱公園70號,貴陽疏散門前方自行車道旁,121.498321,25.041367,水利處高灘地南區管理站,1,0,0,0,0,0,0,,,
萬華區,公園,龍山河濱公園71號,貴陽疏散門前方自行車道旁,121.498321,25.041367,水利處高灘地南區管理站,1,0,0,0,0,1,0,,,
萬華區,公園,龍山河濱公園,華江雁鴨公園平台,121.490416,25.037564,臺北市動物保護處,1,0,0,0,0,0,0,,,
萬華區,公園,雙園河濱公園68號,華江橋下自行車道旁,121.486922,25.03569,水利處高灘地南區管理站,1,0,0,0,0,0,0,,,
萬華區,公園,雙園河濱公園69號,華江橋下自行車道旁,121.486935,25.035728,水利處高灘地南區管理站,1,0,0,0,0,1,0,,,
萬華區,公園,雙園河濱公園72號,華江橋上游棒壘球場旁,121.486687,25.034637,水利處高灘地南區管理站,1,0,0,0,0,0,0,,,
萬華區,公園,雙園河濱公園,華江橋下兒童遊戲場旁,121.488404,25.034454,水利處高灘地南區管理站,1,0,0,0,0,0,0,,,
萬華區,公園,雙園河濱公園,華江橋下兒童遊戲場旁,121.488404,25.034454,水利處高灘地南區管理站,1,0,0,0,0,0,1,,,
萬華區,公園,雙園河濱公園,華江橋下兒童遊戲場旁,121.488404,25.034454,水利處高灘地南區管理站,1,0,0,0,0,0,1,,,
萬華區,公園,雙園河濱公園,華江橋下兒童遊戲場旁,121.488404,25.034454,水利處高灘地南區管理站,1,0,0,0,0,1,0,,,
萬華區,公園,雙園河濱公園54號,萬板橋下游自行車道旁,121.48758,25.0312,水利處高灘地南區管理站,1,0,0,0,0,0,0,,,
萬華區,公園,華中河濱公園53號,華翠橋下,121.488411,25.027644,水利處高灘地南區管理站,1,0,0,0,0,0,0,,,
萬華區,公園,華中河濱公園52號,華翠橋上游羽球場旁,121.489403,25.026503,水利處高灘地南區管理站,1,0,0,0,0,0,0,,,
萬華區,公園,華中河濱公園51號,光復橋下,121.490326,25.024332,水利處高灘地南區管理站,1,0,0,0,0,1,0,,,
萬華區,公園,華中河濱公園50號,光復橋下,121.490326,25.024332,水利處高灘地南區管理站,1,0,0,0,0,0,0,,,
萬華區,公園,華中河濱公園49號,光復橋上游足球場旁,121.490881,25.021594,水利處高灘地南區管理站,1,0,0,0,0,0,0,,,
萬華區,公園,華中河濱公園48號,華中足球場水防道路旁,121.491853,25.020781,水利處高灘地南區管理站,1,0,0,0,0,0,0,,,
萬華區,公園,華中河濱公園47號,華中網球場停車場後方自行車道旁,121.491356,25.01643,水利處高灘地南區管理站,1,0,0,0,0,1,0,,,
萬華區,公園,華中河濱公園46號,華中網球場停車場後方自行車道旁,121.491356,25.01643,水利處高灘地南區管理站,1,0,0,0,0,0,0,,,
萬華區,公園,華中河濱景觀公廁,遊憩區旁靠近水防道路,121.493128,25.017942,水利處高灘地南區管理站,1,0,0,0,0,0,0,,,
萬華區,公園,華中河濱景觀公廁,遊憩區旁靠近水防道路,121.493128,25.017942,水利處高灘地南區管理站,1,0,0,0,0,0,1,,,
萬華區,公園,華中河濱景觀公廁,遊憩區旁靠近水防道路,121.49309,25.017998,水利處高灘地南區管理站,1,0,0,0,0,0,1,,,
萬華區,公園,華中河濱景觀公廁,遊憩區旁靠近水防道路,121.49309,25.017998,水利處高灘地南區管理站,1,0,0,0,0,1,0,,,
萬華區,公園,華中河濱景觀公廁,遊憩區靠網球場,121.492003,25.016925,水利處高灘地南區管理站,1,0,0,0,0,0,0,,,
萬華區,公園,華中河濱景觀公廁,遊憩區靠網球場,121.492003,25.016925,水利處高灘地南區管理站,1,0,0,0,0,0,1,,,
萬華區,公園,華中河濱景觀公廁,遊憩區靠網球場,121.492003,25.016925,水利處高灘地南區管理站,1,0,0,0,0,1,0,,,
萬華區,公園,華中河濱公園45號,華中橋下網球場旁,121.495224,25.012435,水利處高灘地南區管理站,1,0,0,0,0,1,0,,,
萬華區,公園,華中河濱公園44號,華中橋下網球場旁,121.495195,25.012934,水利處高灘地南區管理站,1,0,0,0,0,0,0,,,
萬華區,公園,華中2號疏散門旁1號,堤內橋下迴轉道,121.493413,25.017987,臺北農產運銷股份有限公司,1,0,0,0,0,0,0,,,
萬華區,公園,華中2號疏散門旁2號,堤內橋下迴轉道,121.493413,25.017987,臺北農產運銷股份有限公司,1,0,0,0,0,0,0,,,
萬華區,公園,華中2號疏散門旁3號,堤內水源快速道路旁,121.495276,25.016472,臺北農產運銷股份有限公司,1,0,0,0,0,0,0,,,
萬華區,公園,華中2號疏散門旁4號,堤內土地公廟旁,121.495496,25.016526,臺北農產運銷股份有限公司,1,0,0,0,0,0,0,,,
萬華區,公園,華中河濱公園43號,華中自行車道5.5公里處旁,121.500643,25.01572,水利處高灘地南區管理站,1,0,0,0,0,0,0,,,
萬華區,公園,華中河濱公園42號,華中與馬場町交界水防道路旁,121.502162,25.01838,水利處高灘地南區管理站,1,0,0,0,0,0,0,,,
萬華區,公園,馬場町河濱公園,馬場町疏散門旁,121.504292,25.019466,水利處高灘地南區管理站,1,0,0,0,0,0,1,,,
萬華區,公園,馬場町河濱公園,馬場町疏散門旁,121.504292,25.019466,水利處高灘地南區管理站,1,0,0,0,0,1,0,,,
萬華區,公園,馬場町河濱公園,馬場町疏散門旁,121.504292,25.019466,水利處高灘地南區管理站,1,0,0,0,0,0,1,,,
萬華區,公園,馬場町河濱公園,馬場町疏散門旁,121.504292,25.019466,水利處高灘地南區管理站,1,0,0,0,0,0,1,,,
萬華區,公園,馬場町河濱公園,馬場町疏散門旁,121.504324,25.019419,水利處高灘地南區管理站,1,0,0,0,0,0,0,,,
萬華區,文化育樂場所,艋舺龍山文創,臺北市萬華區西園路一段145號,121.499544,25.036085,艋舺龍山文創,6,6,0,0,0,2,0,,,
萬華區,文化育樂場所,臺北市立文獻館,臺北市萬華區中華路一段174之1號,121.507637,25.040139,樹心會館,2,0,2,0,0,1,0,,,
萬華區,文化育樂場所,萬華運動中心,臺北市萬華區西寧南路6之1號,121.506985,25.047063,萬華運動中心,14,0,14,0,0,4,0,,,
萬華區,文化育樂場所,臺北市鄉土教育中心,臺北市萬華區廣州街101號,121.5032,25.0366,臺北市鄉土教育中心,1,1,0,0,0,0,0,,,
萬華區,加油站,中油桂林路加油站,臺北市萬華區桂林路103號,121.501033,25.038559,臺灣中油股份有限公司桂林路加油站,3,3,0,0,0,1,0,,,
萬華區,加油站,中油環河南路加油站,臺北市萬華區環河南路二段274之2號及177之1,121.491769,25.032811,臺灣中油股份有限公司環河南路加油站,2,0,2,0,0,0,0,,,
萬華區,加油站,山隆萬大加油站,臺北市萬華區萬大路207號,121.500686,25.027184,山隆通運股份有限公司,1,0,1,0,0,0,0,,,
萬華區,加油站,山隆華中加油站,臺北市萬華區萬大路388號,121.498693,25.021839,山隆通運股份有限公司,1,0,1,0,0,0,0,,,
萬華區,市場,公有環南綜合市場(署),臺北市萬華區環河南路二段245號,121.489814,25.029942,臺北市市場處公有環南綜合市場,123,0,123,0,0,22,18,照護床,丁3區-2樓無障礙,
萬華區,市場,公有西門商場(署),臺北市萬華區成都路10巷5號,121.5071,25.042,臺北市公有西門商場,3,0,3,0,0,1,0,,,
萬華區,市場,東園市場(署),臺北市萬華區民和街87巷9號,121.497799,25.025129,東園市場自治會,1,0,0,1,0,1,0,,,
萬華區,市場,公有直興市場(署),臺北市萬華區康定路172巷1號,121.501754,25.039302,臺北市市場處公有直興市場,3,0,3,0,0,2,0,,,
萬華區,市場,公有西寧市場(署),臺北市萬華區西寧南路4號,121.506964,25.048091,臺北市市場處公有西寧市場,5,0,5,0,0,2,0,,,
萬華區,市場,公有河濱商場(署),臺北市萬華區環河南路一段64號,121.504326,25.047278,臺北市市場處公有河濱商場,6,0,6,0,0,4,0,,,
萬華區,市場,龍山商場(署),臺北市萬華區和平西路三段120號萬華行政中心地下室,121.499821,25.034913,臺北市市場處臺北市公有龍山商場,9,0,9,0,0,6,0,,,
萬華區,市場,雙園超市,臺北市萬華區興寧街2號1樓,121.502,25.0322,雙園超市,3,0,0,3,0,1,0,,,
萬華區,市場,華越文化廣場(署),臺北市萬華區和平西路三段120號萬華行政中心地下室,121.499821,25.034913,臺北市市場處華越文化廣場,0,0,0,0,0,0,0,,,
萬華區,交通,新糖?公園地下停車場,臺北市萬華區大理街160巷2號B1,121.494246,25.033596,新糖?公園地下停車場,1,0,1,0,0,1,0,,,
萬華區,交通,萬華車站,臺北市萬華區康定路321號,121.501321,25.033445,臺鐵公司北區營運處臺北運務段萬華站,7,7,0,0,0,2,1,,,
萬華區,交通,洛陽停車場,臺北市萬華區環河南路一段1號,121.505376,25.047595,洛陽停車場,17,0,17,0,0,4,1,,,
萬華區,交通,峨眉停車場,臺北市萬華區峨眉街83號,121.505325,25.044327,臺北市停車管理工程處峨眉立體停車場,12,8,4,0,0,1,0,,,
萬華區,交通,莒光立體停車場,臺北市萬華區莒光路137號,121.503462,25.031184,莒光立體停車場,1,1,0,0,0,1,0,,,
萬華區,交通,捷運龍山寺站(板南線),臺北市萬華區西園路一段153號,121.499579,25.035449,捷運龍山寺站,3,3,0,0,0,0,1,,,
萬華區,交通,雙園國中地下停車場,臺北市萬華區西園路二段320巷55弄3號地下,121.491177,25.027622,臺北市停車管理工程處雙園國中地下停車場,3,3,0,0,0,0,1,,,
萬華區,交通,青年公園高爾夫球場地下停車場(署),臺北市萬華區國興路5號地下,121.508017,25.024091,臺北市停車管理工程處青年公園高爾夫球場地下停車場,3,3,0,0,0,0,1,,,
萬華區,交通,古亭國中地下停車場,臺北市萬華區中華路二段606巷1號地下,121.510551,25.024418,臺北市停車管理工程處古亭國中地下停車場,3,3,0,0,0,1,0,,,
萬華區,交通,青年公園棒球場地下停車場(署),臺北市萬華區青年路69號地下1樓,121.50264,25.022819,臺北市政府停車管理處青年公園棒球場地下停車場,3,3,0,0,0,0,1,,,
萬華區,交通,萬板地下停車場,臺北市萬華區萬板地下停車場華翠高架橋下環南市場旁,121.491151,25.028427,臺北市停車管理工程處萬板地下停車場,3,3,0,0,0,1,0,,,
萬華區,交通,萬華國中地下停車場,臺北市萬華區西藏路207號B1,121.498909,25.02908,臺北市停車管理工程處萬華國中地下停車場,4,2,2,0,0,2,0,,,
萬華區,交通,萬華車站地下停車場,臺北市萬華區康定路382號B1,121.499701,25.033488,好停企業有限公司,3,3,0,0,0,0,1,,,
萬華區,交通,新和國小地下停車場,臺北市萬華區中華路2段416巷21號,121.502759,25.02719,正好停股份有限公司,3,3,0,0,0,0,1,,,
萬華區,宗教,天后宮　　　　　,臺北市萬華區成都路51號,121.506328,25.042788,台北天后宮,2,0,2,0,0,0,0,,,
萬華區,宗教,艋舺龍山寺,臺北市萬華區廣州街211號,121.499936,25.036815,財團法人臺北市艋舺龍山寺,3,3,0,0,0,1,0,,,
萬華區,宗教,祖師廟,臺北市萬華區康定路81號,121.50266,25.040223,艋舺清水巖祖師廟,2,0,2,0,0,0,0,,,
萬華區,連鎖餐飲店,統一星巴克漢中門市,"臺北市萬華區漢中街51號1,2,3樓",121.507448,25.044047,統一星巴克股份有限公司漢中門市,2,0,2,0,0,0,0,,,
萬華區,連鎖餐飲店,統一星巴克艋舺門市,臺北市萬華區西園路一段306巷24號,121.498397,25.033532,統一星巴克台灣總公司,2,0,2,0,0,0,0,,,
萬華區,連鎖餐飲店,麥當勞台北萬大二店,臺北市萬華區萬大路215號,121.500662,25.026885,台灣麥當勞餐廳股份有限公司台北萬大二分公司,1,0,1,0,0,1,0,,,
萬華區,連鎖餐飲店,麥當勞台北西園二店,臺北市萬華區西園路二段240號,121.495143,25.028306,台灣麥當勞餐廳股份有限公司台北西園Ⅱ分公司,1,0,1,0,0,0,0,,,
萬華區,連鎖餐飲店,麥當勞昆明店,臺北市萬華區昆明街92-4號,121.505268,25.044951,台灣麥當勞餐廳股份有限公司昆明街分公司,2,0,2,0,0,1,0,,,
萬華區,連鎖餐飲店,頂呱呱西門店,臺北市萬華區昆明街92-2號,121.505285,25.044922,吟桂股份有限公司中崙分公司,1,0,1,0,0,0,0,,,
萬華區,連鎖餐飲店,摩斯漢堡中華店,臺北市萬華區中華路一段80號,121.508832,25.045365,安心食品服務股份有限公司中華分公司,1,0,1,0,0,0,0,,,
萬華區,連鎖餐飲店,爭鮮迴轉壽司西門店,臺北市萬華區漢中街42號2F,121.507287,25.044276,爭鮮股份有限公司西門分公司,1,0,1,0,0,0,0,,,
萬華區,連鎖餐飲店,三商巧福峨嵋分店,臺北市萬華區峨眉街19號,121.507459,25.043576,三商行股份有限公司峨眉分公司,1,0,1,0,0,0,0,,,
萬華區,連鎖餐飲店,星期五餐廳西門分公司,臺北市萬華區武昌街二段 72 號2樓,121.506343,25.044781,星期五股份有限公司西門分公司,2,2,0,0,0,1,0,,,
萬華區,連鎖餐飲店,拿坡里西園店,臺北市萬華區西園路二段244號,121.494962,25.028162,拿帕里股份有限公司西園分公司,1,0,1,0,0,0,0,,,
萬華區,連鎖餐飲店,爭鮮迴轉壽司南機場店,臺北市萬華區中華路二段484巷6號1F,121.50703,25.026584,爭鮮股份有限公司南機場分公司,1,0,1,0,0,0,0,,,
萬華區,連鎖餐飲店,摩斯漢堡青年店,臺北市萬華區青年路42號1樓,121.50439,25.025651,安心食品服務股份有限公司青年分公司,1,0,1,0,0,0,0,,,
萬華區,連鎖餐飲店,吉野家西園店,臺北市萬華區西園路一段214號之2,121.499219,25.035761,台灣吉野家股份有限公司西園分公司,1,0,1,0,0,0,0,,,
萬華區,綜合零售賣場,萬年大樓,臺北市萬華區西寧南路70號,121.506086,25.043568,萬年商業大樓管理處,10,0,10,0,0,0,0,,,
萬華區,綜合零售賣場,統一超商臺北市萬和門市,臺北市萬華區萬大路182-184號,121.500354,25.027944,統一超商股份有限公司,1,0,1,0,0,0,0,,,
萬華區,綜合零售賣場,統一超商臺北市六福門市,臺北市萬華區漢口街二段73號,121.505249,25.046136,統一超商股份有限公司,1,0,1,0,0,0,0,,,
萬華區,綜合零售賣場,誠品生活西門店,臺北市萬華區峨嵋街52號,121.505412,25.043798,誠品生活股份有限公司西門分公司,5,5,0,0,0,0,0,,,
萬華區,綜合零售賣場,誠品生活武昌館,臺北市萬華區武昌街二段77號,121.505568,25.04517,誠品生活股份有限公司武昌第一分公司,5,5,0,0,0,0,0,,,
萬華區,綜合零售賣場,統一超商臺北市雙環門市,臺北市萬華區環河南路二段207號,121.49154,25.032052,統一超商股份有限公司臺北市雙環門市,1,0,1,0,0,0,0,,,
萬華區,綜合零售賣場,統一超商臺北市寶昌門市,臺北市萬華區寶興街186號,121.495313,25.023676,統一超商股份有限公司臺北市寶昌門市,1,0,1,0,0,0,0,,,
萬華區,綜合零售賣場,龍山寺地下街,臺北市萬華區西園路一段145號,121.499544,25.036085,龍山寺地下商場管理中心(中興電工),6,1,4,1,0,2,0,,,
萬華區,綜合零售賣場,萬家福桂林店,臺北市萬華區桂林路1號1-4樓,121.506171,25.037841,康達盛通生活事業股份有限公司台北桂林分公司,17,0,17,0,0,5,0,,,
萬華區,機關,臺北市萬華新移民會館,臺北市萬華區長沙街二段171號,121.50174,25.040698,民政局,6,6,0,0,0,0,0,,,
萬華區,機關,臺北市勞動力重建運用處,臺北市萬華區艋舺大道101號4-5樓,121.501472,25.033339,臺北市勞動力重建運用處,6,6,0,0,0,2,0,,,
萬華區,機關,臺北市勞動局勞動權益中心,臺北市萬華區艋舺大道101號6樓,121.499812,25.035011,臺北市勞動局勞動權益中心,3,3,0,0,0,1,0,,,
萬華區,機關,臺北市動產質借處龍山分處,臺北市萬華區和平西路三段120號5樓,121.499739,25.034816,臺北市動產質借處龍山分處,3,3,0,0,0,1,0,,,
萬華區,機關,西門町遊客服務中心,臺北市萬華區漢中街45號,121.507539,25.044284,名喬人才服務股份有限公司,5,5,0,0,0,1,0,,,
萬華區,機關,建成地政事務所,臺北市萬華區和平西路三段120號7樓,121.499739,25.034816,臺北市建成地政事務所,6,6,0,0,0,0,0,,,
萬華區,機關,臺北市立圖書館東園分館,臺北市萬華區東園街199號,121.498138,25.022661,臺北市立圖書館東園分館,0,0,0,0,0,0,0,,,
萬華區,機關,臺北市立圖書館萬華分館,臺北市萬華區東園街19號5樓,121.495703,25.027922,臺北市立圖書館萬華分館,7,7,0,0,0,1,0,,,
萬華區,機關,萬華區健康服務中心,臺北市萬華區東園街152號2樓,121.497634,25.023386,台北市衛生局,2,2,0,0,0,1,0,,,
萬華區,機關,萬華區戶政事務所,臺北市萬華區和平西路三段120號4樓,121.499739,25.034816,臺北市萬華區戶政事務所,3,3,0,0,0,1,0,,,
萬華區,機關,國稅局萬華稽徵所,臺北市萬華區萬大路90巷1號,121.499932,25.030197,財政部臺北國稅局萬華稽徵所,8,8,0,0,0,1,1,,,
萬華區,機關,臺北市立圖書館龍山分館,臺北市萬華區桂林路65巷6號2、3樓,121.50238,25.038547,臺北市立圖書館龍山分館,4,4,0,0,0,0,0,,,
萬華區,機關,臺北市立圖書館西園分館,臺北市萬華區興寧街6號,121.50173,25.032201,臺北市立圖書館西園分館,8,8,0,0,0,0,1,,,
萬華區,機關,萬華區公所,臺北市萬華區和平西路三段120號10樓,121.499739,25.034816,臺北市萬華區公所,12,12,0,0,0,4,0,照護床,12樓,
萬華區,機關,臺北市稅捐稽徵處萬華分處,臺北市萬華區和平西路三段120號6樓,121.499739,25.034816,臺北市稅捐稽徵處萬華分處,2,2,0,0,0,0,0,,,
萬華區,機關,龍山派出所,臺北市萬華區桂林路135號,121.499611,25.038601,臺北市政府警察局萬華分局,3,0,3,0,0,1,0,,,
萬華區,機關,大理街派出所,臺北市萬華區大理街99號,121.498278,25.034418,臺北市政府警察局?大理街派出所,1,0,1,0,0,0,0,,,
萬華區,機關,西園路派出所,臺北市萬華區東園街17號,121.495661,25.028179,臺北市政府警察局?西園路派出所,1,0,1,0,0,0,0,,,
萬華區,機關,東園街派出所,臺北市萬華區長泰街130號,121.498244,25.022397,臺北市政府警察局?東園街派出所,0,0,0,0,0,0,0,,,
萬華區,機關,青年路派出所,臺北市萬華區萬大路423巷114號,121.502124,25.021952,臺北市政府警察局?青年路派出所,1,0,1,0,0,0,0,,,
萬華區,機關,康定路派出所,臺北市萬華區和平西路三段112號,121.500333,25.035082,臺北市政府警察局?康定路派出所,1,0,1,0,0,0,0,,,
萬華區,機關,莒光路派出所,臺北市萬華區莒光路171號,121.502735,25.031071,臺北市政府警察局莒光派出所,1,0,1,0,0,0,0,,,
萬華區,機關,華江派出所,臺北市萬華區環河南路二段196號,121.493173,25.034287,臺北市政府警察局?華江派出所,1,0,1,0,0,0,0,,,
萬華區,機關,臺北市立圖書館柳鄉閱覽室,臺北市萬華區環河南路二段102號4樓,121.495346,25.037012,臺北市立圖書館柳鄉民眾閱覽室,3,3,0,0,0,1,0,,,
萬華區,機關,臺北市就業服務處,臺北市萬華區艋舺大道101號,121.501417,25.033478,臺北市就業服務處,6,6,0,0,0,2,0,,,
萬華區,機關,臺北市勞動檢查處,臺北市萬華區艋舺大道101號7樓,121.501364,25.033483,臺北市勞動檢查處,3,3,0,0,0,1,0,,,
萬華區,機關,萬華16號,臺北市萬華區環河南路一段286號邊,121.499454,25.041313,臺北市政府環境保護局,1,0,0,1,0,0,0,,,
萬華區,機關,萬華1號,臺北市萬華區莒光路183巷9弄18號旁,121.502545,25.030978,臺北市政府環境保護局,1,0,0,1,0,0,1,,,
萬華區,機關,萬華22號,臺北市萬華區雙和街31巷7弄6號旁,121.502172,25.027446,臺北市政府環境保護局,1,0,0,1,0,0,0,,,
萬華區,機關,萬華3號,臺北市萬華區武成街70巷21號旁,121.494998,25.019703,臺北市政府環境保護局,1,0,0,1,0,0,1,,,
萬華區,機關,萬華4號,臺北市萬華區武成街104巷25弄底,121.494499,25.020434,臺北市政府環境保護局,1,0,0,1,0,0,0,,,
萬華區,機關,萬華5號,臺北市萬華區武成街149號對面巷底(108巷25號),121.493998,25.020084,臺北市政府環境保護局,1,0,0,1,0,0,0,,,
萬華區,機關,萬華9號,臺北市萬華區東園街85巷4弄3號之1旁,121.496864,25.025768,臺北市政府環境保護局,1,0,0,1,0,0,0,,,
萬華區,醫院,聯合醫院萬華門診部　　,臺北市萬華區東園街152號,121.497547,25.02315,臺北市立聯合醫院萬華門診部,3,3,0,0,0,0,1,,,
萬華區,醫院,國立臺灣大學醫學院附設醫院北護分院,臺北市萬華區內江街87號,121.503322,25.041618,國立臺灣大學醫學院附設醫院北護分院,11,11,0,0,0,2,1,,,
萬華區,醫院,聯合醫院中醫院區,臺北市萬華區昆明街100號,121.505006,25.044359,臺北市立聯合醫院中醫院區,4,4,0,0,0,1,0,,,
萬華區,醫院,聯合醫院昆明院區,臺北市萬華區昆明街100號,121.505006,25.044359,臺北市立聯合醫院昆明院區,2,2,0,0,0,0,0,照護床,昆明大樓1樓,
萬華區,醫院,仁濟醫院,臺北市萬華區廣州街243號,121.497895,25.03666,財團法人台灣省私立台北仁濟院附設仁濟醫院,6,6,0,0,0,1,0,,,
萬華區,醫院,私立西園醫院,臺北市萬華區西園路二段278號,121.494479,25.02775,私立西園醫院,9,9,0,0,0,4,0,,,
萬華區,醫院,萬華醫院,臺北市萬華區中華路二段606巷6號,121.509791,25.023972,同仁院醫療財團法人萬華醫院,5,2,3,0,0,1,0,,,
萬華區,觀光遊憩,電影主題公園,臺北市萬華區康定路19號,121.503137,25.044722,電影主題公園,2,2,0,0,0,0,0,,,
萬華區,觀光遊憩,西門紅樓,臺北市萬華區成都路10號,121.506638,25.041943,財團法人台北市文化基金會西門紅樓暨電影主題公園,2,2,0,0,0,1,0,,,
萬華區,觀光遊憩,剝皮寮歷史街區,臺北市萬華區廣州街與康定路口,121.500545,25.036659,剝皮寮歷史街區,3,3,0,0,0,1,0,,,
